Subject,Mode,LambdaMMD,LambdaSrc,LR,EncDim,DecDim,Dropout,MSE
S003,SDA,0.5,0.3,0.0001,64,64,0.3,0.027594685438089073
S003,SDA,0.5,0.3,0.0001,128,32,0.3,0.03190015908330679
S003,SDA,0.5,0.3,0.0001,64,128,0.3,0.02327519847312942
S003,SDA,0.5,0.3,0.0001,64,32,0.3,0.027247614809311926
S003,SDA,0.5,0.3,0.0001,128,64,0.3,0.03995696658967063
S003,SDA,0.5,0.3,0.0001,128,128,0.3,0.02846708695869893
S003,SDA,0.5,0.3,0.0001,256,32,0.3,0.032758569926954806
S003,SDA,0.5,0.3,0.0001,256,64,0.3,0.033541438286192715
S003,SDA,0.5,0.5,0.0001,64,128,0.3,0.02108560485066846
S003,SDA,0.5,0.3,0.0001,256,128,0.3,0.03222628135699779
S003,SDA,0.5,0.5,0.0001,64,64,0.3,0.025116232223808765
S003,SDA,0.5,0.5,0.0001,64,32,0.3,0.030168136639986187
S003,SDA,0.5,0.5,0.0001,128,32,0.3,0.029377567232586443
S003,SDA,0.5,0.5,0.0001,128,128,0.3,0.03298970661126077
S003,SDA,0.5,0.5,0.0001,128,64,0.3,0.03530832706019282
S003,SDA,0.5,0.5,0.0001,256,32,0.3,0.038304511457681656
S003,SDA,0.5,0.5,0.0001,256,64,0.3,0.03858443070203066
S003,SDA,0.5,0.5,0.0001,256,128,0.3,0.04015450517181307
S003,SDA,1.0,0.3,0.0001,64,64,0.3,0.022731074830517173
S003,SDA,1.0,0.3,0.0001,64,32,0.3,0.020076763234101236
S003,SDA,1.0,0.3,0.0001,128,32,0.3,0.022793548414483666
S003,SDA,1.0,0.3,0.0001,128,128,0.3,0.022101168637163937
S003,SDA,1.0,0.3,0.0001,128,64,0.3,0.021522281225770712
S003,SDA,1.0,0.3,0.0001,64,128,0.3,0.024172008270397782
S003,SDA,1.0,0.3,0.0001,256,32,0.3,0.023556720290798694
S003,SDA,1.0,0.3,0.0001,256,64,0.3,0.029443050269037485
S003,SDA,1.0,0.3,0.0001,256,128,0.3,0.02784926729509607
S003,SDA,1.0,0.5,0.0001,64,32,0.3,0.021606226393487304
S003,SDA,1.0,0.5,0.0001,64,64,0.3,0.025592612102627754
S003,SDA,1.0,0.5,0.0001,128,32,0.3,0.027358466642908752
S003,SDA,1.0,0.5,0.0001,128,128,0.3,0.021421379526145756
S003,SDA,1.0,0.5,0.0001,64,128,0.3,0.020582100958563387
S003,SDA,1.0,0.5,0.0001,256,32,0.3,0.021837523905560374
S003,SDA,1.0,0.5,0.0001,128,64,0.3,0.031738751102238894
S003,SDA,1.5,0.3,0.0001,64,32,0.3,0.021783532691188157
S003,SDA,1.0,0.5,0.0001,256,64,0.3,0.03350931324530393
S003,SDA,1.5,0.3,0.0001,64,64,0.3,0.020997046143747866
S003,SDA,1.0,0.5,0.0001,256,128,0.3,0.029247050872072577
S003,SDA,1.5,0.3,0.0001,128,64,0.3,0.02181779104284942
S003,SDA,1.5,0.3,0.0001,64,128,0.3,0.02329382859170437
S003,SDA,1.5,0.3,0.0001,128,32,0.3,0.021981936355587095
S003,SDA,1.5,0.3,0.0001,128,128,0.3,0.021711258974391967
S003,SDA,1.5,0.3,0.0001,256,32,0.3,0.025435780291445553
S003,SDA,1.5,0.3,0.0001,256,64,0.3,0.02349854540079832
S003,SDA,1.5,0.5,0.0001,64,32,0.3,0.0226186498766765
S003,SDA,1.5,0.5,0.0001,64,64,0.3,0.02473417390137911
S003,SDA,1.5,0.5,0.0001,128,64,0.3,0.02391357149463147
S003,SDA,1.5,0.5,0.0001,64,128,0.3,0.020898649701848626
S003,SDA,1.5,0.3,0.0001,256,128,0.3,0.03022303432226181
S003,SDA,1.5,0.5,0.0001,128,32,0.3,0.024121871101669967
S003,SDA,1.5,0.5,0.0001,128,128,0.3,0.021449617168400437
S003,SDA,2.0,0.3,0.0001,64,32,0.3,0.025509091559797525
S003,SDA,1.5,0.5,0.0001,256,64,0.3,0.0257286939304322
S003,SDA,1.5,0.5,0.0001,256,32,0.3,0.029368906747549772
S003,SDA,1.5,0.5,0.0001,256,128,0.3,0.024393317056819797
S003,SDA,2.0,0.3,0.0001,128,32,0.3,0.027201047632843256
S003,SDA,2.0,0.3,0.0001,64,128,0.3,0.020111493475269526
S003,SDA,2.0,0.3,0.0001,128,64,0.3,0.021757186856120825
S003,SDA,2.0,0.3,0.0001,64,64,0.3,0.024414605111815035
S003,SDA,2.0,0.3,0.0001,256,64,0.3,0.024796217563562095
S003,SDA,2.0,0.3,0.0001,128,128,0.3,0.02882297069299966
S003,SDA,2.0,0.3,0.0001,256,128,0.3,0.023593480116687715
S003,SDA,2.0,0.3,0.0001,256,32,0.3,0.02288907580077648
S003,SDA,2.0,0.5,0.0001,64,32,0.3,0.023734706570394337
S003,SDA,2.0,0.5,0.0001,128,32,0.3,0.01972281199414283
S003,SDA,2.0,0.5,0.0001,64,128,0.3,0.021439359174109995
S003,SDA,2.0,0.5,0.0001,64,64,0.3,0.023575167288072407
S003,SDA,2.0,0.5,0.0001,128,64,0.3,0.02141803817357868
S003,SDA,2.0,0.5,0.0001,128,128,0.3,0.02219882473582402
S003,SDA,2.0,0.5,0.0001,256,64,0.3,0.0220406957087107
S003,SDA,2.0,0.5,0.0001,256,32,0.3,0.019572913297452033
S004,SDA,0.5,0.3,0.0001,64,32,0.3,0.14084235671907663
S003,SDA,2.0,0.5,0.0001,256,128,0.3,0.023078874219208956
S004,SDA,0.5,0.3,0.0001,128,32,0.3,0.20455053076148033
S004,SDA,0.5,0.3,0.0001,128,64,0.3,0.1581636480987072
S004,SDA,0.5,0.3,0.0001,64,64,0.3,0.15987263433635235
S004,SDA,0.5,0.3,0.0001,64,128,0.3,0.17794585041701794
S004,SDA,0.5,0.3,0.0001,128,128,0.3,0.1427836213260889
S004,SDA,0.5,0.3,0.0001,256,32,0.3,0.14139365032315254
S004,SDA,0.5,0.3,0.0001,256,64,0.3,0.18732638284564018
S004,SDA,0.5,0.5,0.0001,64,64,0.3,0.1482800729572773
S004,SDA,0.5,0.3,0.0001,256,128,0.3,0.15288064070045948
S004,SDA,0.5,0.5,0.0001,128,32,0.3,0.13075746968388557
S004,SDA,0.5,0.5,0.0001,64,32,0.3,0.2063925862312317
S004,SDA,0.5,0.5,0.0001,64,128,0.3,0.16109606996178627
S004,SDA,0.5,0.5,0.0001,128,64,0.3,0.13622993789613247
S004,SDA,0.5,0.5,0.0001,256,64,0.3,0.13419674523174763
S004,SDA,0.5,0.5,0.0001,128,128,0.3,0.13775601238012314
S004,SDA,0.5,0.5,0.0001,256,128,0.3,0.14481219463050365
S004,SDA,0.5,0.5,0.0001,256,32,0.3,0.1547601716592908
S004,SDA,1.0,0.3,0.0001,64,32,0.3,0.1699113231152296
S004,SDA,1.0,0.3,0.0001,64,64,0.3,0.12168754730373621
S004,SDA,1.0,0.3,0.0001,128,32,0.3,0.13404174894094467
S004,SDA,1.0,0.3,0.0001,64,128,0.3,0.10902251489460468
S004,SDA,1.0,0.3,0.0001,128,64,0.3,0.15020840801298618
S004,SDA,1.0,0.3,0.0001,256,32,0.3,0.13585379160940647
S004,SDA,1.0,0.3,0.0001,256,128,0.3,0.12443746626377106
S004,SDA,1.0,0.3,0.0001,128,128,0.3,0.1307253483682871
S004,SDA,1.0,0.3,0.0001,256,64,0.3,0.12578468583524227
S004,SDA,1.0,0.5,0.0001,64,32,0.3,0.12037984654307365
S004,SDA,1.0,0.5,0.0001,64,64,0.3,0.1302290428429842
S004,SDA,1.0,0.5,0.0001,128,128,0.3,0.13698263093829155
S004,SDA,1.0,0.5,0.0001,128,32,0.3,0.1315652746707201
S004,SDA,1.0,0.5,0.0001,64,128,0.3,0.15952271036803722
S004,SDA,1.0,0.5,0.0001,128,64,0.3,0.10720405168831348
S004,SDA,1.0,0.5,0.0001,256,32,0.3,0.14260905236005783
S004,SDA,1.0,0.5,0.0001,256,128,0.3,0.14558786526322365
S004,SDA,1.0,0.5,0.0001,256,64,0.3,0.11985084041953087
S004,SDA,1.5,0.3,0.0001,64,32,0.3,0.17944384925067425
S004,SDA,1.5,0.3,0.0001,64,128,0.3,0.13614183105528355
S004,SDA,1.5,0.3,0.0001,64,64,0.3,0.09751449804753065
S004,SDA,1.5,0.3,0.0001,128,32,0.3,0.14502158761024475
S004,SDA,1.5,0.3,0.0001,128,64,0.3,0.12381989136338234
S004,SDA,1.5,0.3,0.0001,256,64,0.3,0.17209031246602535
S004,SDA,1.5,0.3,0.0001,256,32,0.3,0.18041378632187843
S004,SDA,1.5,0.3,0.0001,128,128,0.3,0.14211126416921616
S004,SDA,1.5,0.3,0.0001,256,128,0.3,0.13723355159163475
S004,SDA,1.5,0.5,0.0001,64,64,0.3,0.1174129955470562
S004,SDA,1.5,0.5,0.0001,64,32,0.3,0.10809105262160301
S004,SDA,1.5,0.5,0.0001,64,128,0.3,0.10777266975492239
S004,SDA,1.5,0.5,0.0001,128,32,0.3,0.12663273513317108
S004,SDA,1.5,0.5,0.0001,256,32,0.3,0.1514496197924018
S004,SDA,1.5,0.5,0.0001,128,128,0.3,0.11178930476307869
S004,SDA,1.5,0.5,0.0001,128,64,0.3,0.15040981397032738
S004,SDA,1.5,0.5,0.0001,256,64,0.3,0.13580454606562853
S004,SDA,1.5,0.5,0.0001,256,128,0.3,0.12217044364660978
S004,SDA,2.0,0.3,0.0001,64,32,0.3,0.11001325957477093
S004,SDA,2.0,0.3,0.0001,64,64,0.3,0.1658544111996889
S004,SDA,2.0,0.3,0.0001,128,32,0.3,0.15262841805815697
S004,SDA,2.0,0.3,0.0001,128,64,0.3,0.12083544675260782
S004,SDA,2.0,0.3,0.0001,64,128,0.3,0.12158385757356882
S004,SDA,2.0,0.3,0.0001,256,32,0.3,0.1695793829858303
S004,SDA,2.0,0.3,0.0001,128,128,0.3,0.13091675005853176
S004,SDA,2.0,0.3,0.0001,256,64,0.3,0.17582552880048752
S004,SDA,2.0,0.3,0.0001,256,128,0.3,0.1463920483365655
S004,SDA,2.0,0.5,0.0001,64,64,0.3,0.1292185690253973
S004,SDA,2.0,0.5,0.0001,64,32,0.3,0.10490501020103693
S004,SDA,2.0,0.5,0.0001,128,32,0.3,0.1332314144819975
S004,SDA,2.0,0.5,0.0001,64,128,0.3,0.08706870954483747
S004,SDA,2.0,0.5,0.0001,128,64,0.3,0.1315508559346199
S004,SDA,2.0,0.5,0.0001,128,128,0.3,0.13019993528723717
S004,SDA,2.0,0.5,0.0001,256,32,0.3,0.15177663136273623
S004,SDA,2.0,0.5,0.0001,256,64,0.3,0.1353848958387971
S004,SDA,2.0,0.5,0.0001,256,128,0.3,0.15523099154233932
S006,SDA,0.5,0.3,0.0001,64,64,0.3,0.03501260525081307
S006,SDA,0.5,0.3,0.0001,64,128,0.3,0.03621855686651543
S006,SDA,0.5,0.3,0.0001,64,32,0.3,0.034444734308635816
S006,SDA,0.5,0.3,0.0001,128,32,0.3,0.03288102461374365
S006,SDA,0.5,0.3,0.0001,128,64,0.3,0.030157006345689297
S006,SDA,0.5,0.3,0.0001,128,128,0.3,0.03577159461565316
S006,SDA,0.5,0.3,0.0001,256,32,0.3,0.03304903724347241
S006,SDA,0.5,0.3,0.0001,256,64,0.3,0.028082082542823628
S006,SDA,0.5,0.5,0.0001,64,128,0.3,0.035167574766092
S006,SDA,0.5,0.5,0.0001,64,64,0.3,0.029262206138810143
S006,SDA,0.5,0.3,0.0001,256,128,0.3,0.026530211325734854
S006,SDA,0.5,0.5,0.0001,128,32,0.3,0.03745773603441194
S006,SDA,0.5,0.5,0.0001,64,32,0.3,0.029688588110730052
S006,SDA,0.5,0.5,0.0001,128,64,0.3,0.029357798775890842
S006,SDA,0.5,0.5,0.0001,256,64,0.3,0.032468576420797035
S006,SDA,0.5,0.5,0.0001,128,128,0.3,0.027027580188587308
S006,SDA,0.5,0.5,0.0001,256,32,0.3,0.02904945198679343
S006,SDA,1.0,0.3,0.0001,64,64,0.3,0.040878951316699386
S006,SDA,0.5,0.5,0.0001,256,128,0.3,0.027599145629210398
S006,SDA,1.0,0.3,0.0001,64,128,0.3,0.0326362355845049
S006,SDA,1.0,0.3,0.0001,128,32,0.3,0.030857096426188946
S006,SDA,1.0,0.3,0.0001,128,64,0.3,0.028456449101213366
S006,SDA,1.0,0.3,0.0001,64,32,0.3,0.03402298176661134
S006,SDA,1.0,0.3,0.0001,128,128,0.3,0.03452065633609891
S006,SDA,1.0,0.3,0.0001,256,64,0.3,0.031194558163406327
S006,SDA,1.0,0.5,0.0001,64,32,0.3,0.03452882613055408
S006,SDA,1.0,0.3,0.0001,256,128,0.3,0.029280726157594472
S006,SDA,1.0,0.3,0.0001,256,32,0.3,0.02902740699937567
S006,SDA,1.0,0.5,0.0001,64,64,0.3,0.034686352126300335
S006,SDA,1.0,0.5,0.0001,128,32,0.3,0.031347967276815325
S006,SDA,1.0,0.5,0.0001,64,128,0.3,0.032146629644557834
S006,SDA,1.0,0.5,0.0001,128,64,0.3,0.03176766476826742
S006,SDA,1.0,0.5,0.0001,128,128,0.3,0.03330878383712843
S006,SDA,1.0,0.5,0.0001,256,32,0.3,0.03438913100399077
S006,SDA,1.0,0.5,0.0001,256,64,0.3,0.02888908435124904
S006,SDA,1.0,0.5,0.0001,256,128,0.3,0.033775115094613284
S006,SDA,1.5,0.3,0.0001,64,32,0.3,0.05095989431720227
S006,SDA,1.5,0.3,0.0001,64,128,0.3,0.0461128584574908
S006,SDA,1.5,0.3,0.0001,64,64,0.3,0.03945725015364587
S006,SDA,1.5,0.3,0.0001,128,32,0.3,0.03736258810386062
S006,SDA,1.5,0.3,0.0001,128,64,0.3,0.035283791134133935
S006,SDA,1.5,0.3,0.0001,128,128,0.3,0.04768652084749192
S006,SDA,1.5,0.3,0.0001,256,32,0.3,0.037206733191851526
S006,SDA,1.5,0.5,0.0001,64,64,0.3,0.0566960540600121
S006,SDA,1.5,0.3,0.0001,256,128,0.3,0.033195291412994266
S006,SDA,1.5,0.5,0.0001,64,32,0.3,0.035840995027683675
S006,SDA,1.5,0.3,0.0001,256,64,0.3,0.036386245919857174
S006,SDA,1.5,0.5,0.0001,128,32,0.3,0.039633186999708414
S006,SDA,1.5,0.5,0.0001,128,128,0.3,0.03371530654840171
S006,SDA,1.5,0.5,0.0001,128,64,0.3,0.04201108159031719
S006,SDA,1.5,0.5,0.0001,64,128,0.3,0.02788846255862154
S006,SDA,1.5,0.5,0.0001,256,32,0.3,0.03101011732360348
S006,SDA,1.5,0.5,0.0001,256,64,0.3,0.028664084209594876
S006,SDA,1.5,0.5,0.0001,256,128,0.3,0.04196810978464782
S006,SDA,2.0,0.3,0.0001,64,32,0.3,0.03768968035001308
S006,SDA,2.0,0.3,0.0001,64,64,0.3,0.044589067227207124
S006,SDA,2.0,0.3,0.0001,64,128,0.3,0.046200340148061514
S006,SDA,2.0,0.3,0.0001,128,32,0.3,0.05567416734993458
S006,SDA,2.0,0.3,0.0001,128,64,0.3,0.046725312480702996
S006,SDA,2.0,0.3,0.0001,256,32,0.3,0.04379748448263854
S006,SDA,2.0,0.3,0.0001,128,128,0.3,0.04969809565227479
S006,SDA,2.0,0.3,0.0001,256,64,0.3,0.04844497505109757
S006,SDA,2.0,0.3,0.0001,256,128,0.3,0.04995400458574295
S006,SDA,2.0,0.5,0.0001,64,32,0.3,0.036854625679552555
S006,SDA,2.0,0.5,0.0001,64,128,0.3,0.04012028983561322
S006,SDA,2.0,0.5,0.0001,128,64,0.3,0.05341262219008058
S006,SDA,2.0,0.5,0.0001,64,64,0.3,0.039812942035496235
S006,SDA,2.0,0.5,0.0001,128,32,0.3,0.03816471772734076
S006,SDA,2.0,0.5,0.0001,128,128,0.3,0.04939304606523365
S006,SDA,2.0,0.5,0.0001,256,64,0.3,0.05112441012170166
S006,SDA,2.0,0.5,0.0001,256,128,0.3,0.03785649285418913
S006,SDA,2.0,0.5,0.0001,256,32,0.3,0.037638812558725476
S007,SDA,0.5,0.3,0.0001,64,32,0.3,0.009752082405611873
S007,SDA,0.5,0.3,0.0001,128,32,0.3,0.010021195436517397
S007,SDA,0.5,0.3,0.0001,64,64,0.3,0.0060371748404577374
S007,SDA,0.5,0.3,0.0001,128,64,0.3,0.004609786284466584
S007,SDA,0.5,0.3,0.0001,64,128,0.3,0.0056130496474603815
S007,SDA,0.5,0.3,0.0001,128,128,0.3,0.005765426632327338
S007,SDA,0.5,0.3,0.0001,256,32,0.3,0.005992160489161809
S007,SDA,0.5,0.3,0.0001,256,64,0.3,0.005647497523265581
S007,SDA,0.5,0.5,0.0001,64,32,0.3,0.01182431261986494
S007,SDA,0.5,0.3,0.0001,256,128,0.3,0.0056850481778383255
S007,SDA,0.5,0.5,0.0001,64,64,0.3,0.007642201458414395
S007,SDA,0.5,0.5,0.0001,128,32,0.3,0.006605875212699175
S007,SDA,0.5,0.5,0.0001,128,128,0.3,0.006258081994019449
S007,SDA,0.5,0.5,0.0001,128,64,0.3,0.007020012630770604
S007,SDA,0.5,0.5,0.0001,256,32,0.3,0.005657910369336605
S007,SDA,0.5,0.5,0.0001,64,128,0.3,0.006186380671958129
S007,SDA,0.5,0.5,0.0001,256,64,0.3,0.006335786078125238
S007,SDA,0.5,0.5,0.0001,256,128,0.3,0.006610620747475575
S007,SDA,1.0,0.3,0.0001,64,32,0.3,0.010476064713050922
S007,SDA,1.0,0.3,0.0001,64,64,0.3,0.02045464577774207
S007,SDA,1.0,0.3,0.0001,128,32,0.3,0.027810913200179737
S007,SDA,1.0,0.3,0.0001,64,128,0.3,0.00815220825218906
S007,SDA,1.0,0.3,0.0001,128,64,0.3,0.007674647339930137
S007,SDA,1.0,0.3,0.0001,256,32,0.3,0.011555005641033253
S007,SDA,1.0,0.3,0.0001,128,128,0.3,0.015566489969690641
S007,SDA,1.0,0.5,0.0001,64,32,0.3,0.00921070210946103
S007,SDA,1.0,0.3,0.0001,256,128,0.3,0.007078428209448854
S007,SDA,1.0,0.5,0.0001,64,64,0.3,0.009960347010443607
S007,SDA,1.0,0.3,0.0001,256,64,0.3,0.0069725061766803265
S007,SDA,1.0,0.5,0.0001,64,128,0.3,0.007143186094860236
S007,SDA,1.0,0.5,0.0001,128,32,0.3,0.005069801506275932
S007,SDA,1.0,0.5,0.0001,128,64,0.3,0.0063324711518362164
S007,SDA,1.0,0.5,0.0001,128,128,0.3,0.007129926156873505
S007,SDA,1.0,0.5,0.0001,256,64,0.3,0.006391855364199728
S007,SDA,1.5,0.3,0.0001,64,32,0.3,0.01349979949494203
S007,SDA,1.0,0.5,0.0001,256,32,0.3,0.006280189108413954
S007,SDA,1.0,0.5,0.0001,256,128,0.3,0.006249306878695886
S007,SDA,1.5,0.3,0.0001,128,32,0.3,0.014504806138575077
S007,SDA,1.5,0.3,0.0001,64,64,0.3,0.013385120468835035
S007,SDA,1.5,0.3,0.0001,64,128,0.3,0.01718687204023202
S007,SDA,1.5,0.3,0.0001,128,64,0.3,0.011796649700651566
S007,SDA,1.5,0.3,0.0001,256,64,0.3,0.013327480604251226
S007,SDA,1.5,0.3,0.0001,128,128,0.3,0.013978560455143452
S007,SDA,1.5,0.3,0.0001,256,32,0.3,0.013442684585849443
S007,SDA,1.5,0.3,0.0001,256,128,0.3,0.01242334737131993
S007,SDA,1.5,0.5,0.0001,64,32,0.3,0.023843807789186638
S007,SDA,1.5,0.5,0.0001,64,64,0.3,0.01054158698146542
S007,SDA,1.5,0.5,0.0001,64,128,0.3,0.013527503547569117
S007,SDA,1.5,0.5,0.0001,128,64,0.3,0.011532580945640802
S007,SDA,1.5,0.5,0.0001,128,32,0.3,0.010514333456133803
S007,SDA,1.5,0.5,0.0001,128,128,0.3,0.0075326364021748304
S007,SDA,1.5,0.5,0.0001,256,32,0.3,0.01134447594328473
S007,SDA,2.0,0.3,0.0001,64,32,0.3,0.018909524505337078
S007,SDA,1.5,0.5,0.0001,256,128,0.3,0.0092622876400128
S007,SDA,2.0,0.3,0.0001,64,64,0.3,0.014557634169856707
S007,SDA,1.5,0.5,0.0001,256,64,0.3,0.010143361209581295
S007,SDA,2.0,0.3,0.0001,128,32,0.3,0.017552840212980907
S007,SDA,2.0,0.3,0.0001,128,64,0.3,0.011546980900069078
S007,SDA,2.0,0.3,0.0001,64,128,0.3,0.009203456342220306
S007,SDA,2.0,0.3,0.0001,256,32,0.3,0.01225854984174172
S007,SDA,2.0,0.3,0.0001,256,64,0.3,0.015125551571448645
S007,SDA,2.0,0.3,0.0001,256,128,0.3,0.01209847287585338
S007,SDA,2.0,0.5,0.0001,64,32,0.3,0.02340282282481591
S007,SDA,2.0,0.5,0.0001,64,128,0.3,0.01292198213438193
S007,SDA,2.0,0.3,0.0001,128,128,0.3,0.2097782442967097
S007,SDA,2.0,0.5,0.0001,128,32,0.3,0.015073918427030245
S007,SDA,2.0,0.5,0.0001,64,64,0.3,0.014300884678959846
S007,SDA,2.0,0.5,0.0001,128,64,0.3,0.01259953435510397
S007,SDA,2.0,0.5,0.0001,256,32,0.3,0.01524198210487763
S007,SDA,2.0,0.5,0.0001,128,128,0.3,0.015403101220726967
S007,SDA,2.0,0.5,0.0001,256,128,0.3,0.012007500821103653
S008,SDA,0.5,0.3,0.0001,64,64,0.3,0.0454146017630895
S008,SDA,0.5,0.3,0.0001,64,32,0.3,0.04231660068035126
S008,SDA,0.5,0.3,0.0001,64,128,0.3,0.043077499916156135
S008,SDA,0.5,0.3,0.0001,128,64,0.3,0.0328261728088061
S008,SDA,0.5,0.3,0.0001,128,32,0.3,0.023532686134179432
S007,SDA,2.0,0.5,0.0001,256,64,0.3,0.007270658505149186
S008,SDA,0.5,0.3,0.0001,128,128,0.3,0.026425713673233986
S008,SDA,0.5,0.5,0.0001,64,32,0.3,0.025835243985056877
S008,SDA,0.5,0.3,0.0001,256,32,0.3,0.023951927820841473
S008,SDA,0.5,0.3,0.0001,256,64,0.3,0.02691877695421378
S008,SDA,0.5,0.3,0.0001,256,128,0.3,0.03048277584215005
S008,SDA,0.5,0.5,0.0001,64,128,0.3,0.030656979729731876
S008,SDA,0.5,0.5,0.0001,128,32,0.3,0.02779162861406803
S008,SDA,0.5,0.5,0.0001,64,64,0.3,0.037287212908267975
S008,SDA,0.5,0.5,0.0001,128,64,0.3,0.031028838207324345
S008,SDA,0.5,0.5,0.0001,256,32,0.3,0.03145045042037964
S008,SDA,0.5,0.5,0.0001,128,128,0.3,0.02620061549047629
S008,SDA,0.5,0.5,0.0001,256,64,0.3,0.0292471827318271
S008,SDA,0.5,0.5,0.0001,256,128,0.3,0.040286737183729805
S008,SDA,1.0,0.3,0.0001,64,32,0.3,0.031748877838253975
S008,SDA,1.0,0.3,0.0001,128,32,0.3,0.030356955404082935
S008,SDA,1.0,0.3,0.0001,64,64,0.3,0.0411144495010376
S008,SDA,1.0,0.3,0.0001,128,64,0.3,0.04257331043481827
S008,SDA,1.0,0.3,0.0001,64,128,0.3,0.03917256618539492
S008,SDA,1.0,0.3,0.0001,256,32,0.3,0.026197172080477078
S008,SDA,1.0,0.3,0.0001,128,128,0.3,0.023182581489284832
S008,SDA,1.0,0.3,0.0001,256,128,0.3,0.045631710439920425
S008,SDA,1.0,0.5,0.0001,64,32,0.3,0.03540006031592687
S008,SDA,1.0,0.3,0.0001,256,64,0.3,0.05475242187579473
S008,SDA,1.0,0.5,0.0001,64,128,0.3,0.028426356613636017
S008,SDA,1.0,0.5,0.0001,64,64,0.3,0.04393300289909045
S008,SDA,1.0,0.5,0.0001,128,64,0.3,0.04561077430844307
S008,SDA,1.0,0.5,0.0001,128,32,0.3,0.04524621491630872
S008,SDA,1.0,0.5,0.0001,256,64,0.3,0.02958039442698161
S008,SDA,1.0,0.5,0.0001,256,32,0.3,0.021679254869620006
S008,SDA,1.0,0.5,0.0001,128,128,0.3,0.03548405754069487
S008,SDA,1.0,0.5,0.0001,256,128,0.3,0.02770307908455531
S008,SDA,1.5,0.3,0.0001,64,64,0.3,0.029301383222142856
S008,SDA,1.5,0.3,0.0001,128,32,0.3,0.03480219841003418
S008,SDA,1.5,0.3,0.0001,64,128,0.3,0.03418124405046304
S008,SDA,1.5,0.3,0.0001,64,32,0.3,0.03064379779001077
S008,SDA,1.5,0.3,0.0001,128,64,0.3,0.03103349854548772
S008,SDA,1.5,0.3,0.0001,256,128,0.3,0.04296191098789374
S008,SDA,1.5,0.3,0.0001,256,64,0.3,0.026939835399389267
S008,SDA,1.5,0.3,0.0001,256,32,0.3,0.03710189834237099
S008,SDA,1.5,0.3,0.0001,128,128,0.3,0.030145080139239628
S008,SDA,1.5,0.5,0.0001,64,32,0.3,0.03210093515614668
S008,SDA,1.5,0.5,0.0001,64,64,0.3,0.02809080233176549
S008,SDA,1.5,0.5,0.0001,128,32,0.3,0.03690526572366556
S008,SDA,1.5,0.5,0.0001,128,128,0.3,0.03675036318600178
S008,SDA,1.5,0.5,0.0001,256,32,0.3,0.05203630278507868
S008,SDA,1.5,0.5,0.0001,64,128,0.3,0.04072684422135353
S008,SDA,1.5,0.5,0.0001,128,64,0.3,0.03371404856443405
S008,SDA,1.5,0.5,0.0001,256,64,0.3,0.041458367059628166
S008,SDA,1.5,0.5,0.0001,256,128,0.3,0.021801458050807316
S008,SDA,2.0,0.3,0.0001,64,64,0.3,0.03737141999105612
S008,SDA,2.0,0.3,0.0001,64,32,0.3,0.03265955174962679
S008,SDA,2.0,0.3,0.0001,128,32,0.3,0.027259330575664837
S008,SDA,2.0,0.3,0.0001,128,64,0.3,0.029821133861939114
S008,SDA,2.0,0.3,0.0001,128,128,0.3,0.034962015226483345
S008,SDA,2.0,0.3,0.0001,256,64,0.3,0.03316273664434751
S008,SDA,2.0,0.3,0.0001,256,32,0.3,0.03456692770123482
S008,SDA,2.0,0.3,0.0001,64,128,0.3,0.043770474071304
S008,SDA,2.0,0.5,0.0001,64,32,0.3,0.03444676101207733
S008,SDA,2.0,0.3,0.0001,256,128,0.3,0.044309016317129135
S008,SDA,2.0,0.5,0.0001,64,64,0.3,0.03126367491980394
S008,SDA,2.0,0.5,0.0001,64,128,0.3,0.03630871387819449
S008,SDA,2.0,0.5,0.0001,128,32,0.3,0.03369027003645897
S008,SDA,2.0,0.5,0.0001,128,128,0.3,0.035080489392081894
S008,SDA,2.0,0.5,0.0001,128,64,0.3,0.03416842222213745
S008,SDA,2.0,0.5,0.0001,256,32,0.3,0.04343066488703092
S008,SDA,2.0,0.5,0.0001,256,128,0.3,0.03323151978353659
S008,SDA,2.0,0.5,0.0001,256,64,0.3,0.03657133753101031
S013,SDA,0.5,0.3,0.0001,64,64,0.3,0.029701361199840903
S013,SDA,0.5,0.3,0.0001,64,32,0.3,0.06841058889403939
S013,SDA,0.5,0.3,0.0001,64,128,0.3,0.043273527175188065
S013,SDA,0.5,0.3,0.0001,128,32,0.3,0.05033385194838047
S013,SDA,0.5,0.3,0.0001,128,64,0.3,0.04949927609413862
S013,SDA,0.5,0.3,0.0001,128,128,0.3,0.04176001250743866
S013,SDA,0.5,0.3,0.0001,256,64,0.3,0.03635599836707115
S013,SDA,0.5,0.3,0.0001,256,32,0.3,0.04813507944345474
S013,SDA,0.5,0.5,0.0001,64,32,0.3,0.0658624661155045
S013,SDA,0.5,0.3,0.0001,256,128,0.3,0.046433234587311745
S013,SDA,0.5,0.5,0.0001,64,128,0.3,0.04128752974793315
S013,SDA,0.5,0.5,0.0001,128,32,0.3,0.03297756426036358
S013,SDA,0.5,0.5,0.0001,128,64,0.3,0.07065012492239475
S013,SDA,0.5,0.5,0.0001,128,128,0.3,0.05115277227014303
S013,SDA,0.5,0.5,0.0001,256,32,0.3,0.03973027504980564
S013,SDA,0.5,0.5,0.0001,64,64,0.3,0.03513719467446208
S013,SDA,0.5,0.5,0.0001,256,128,0.3,0.05242636986076832
S013,SDA,0.5,0.5,0.0001,256,64,0.3,0.03628483274951577
S013,SDA,1.0,0.3,0.0001,64,32,0.3,0.04479992110282183
S013,SDA,1.0,0.3,0.0001,64,128,0.3,0.04582579433917999
S013,SDA,1.0,0.3,0.0001,64,64,0.3,0.04947461187839508
S013,SDA,1.0,0.3,0.0001,128,32,0.3,0.027417986653745174
S013,SDA,1.0,0.3,0.0001,128,64,0.3,0.036678089294582605
S013,SDA,1.0,0.3,0.0001,256,64,0.3,0.03345216903835535
S013,SDA,1.0,0.3,0.0001,128,128,0.3,0.050422114320099354
S013,SDA,1.0,0.5,0.0001,64,64,0.3,0.03517706226557493
S013,SDA,1.0,0.5,0.0001,64,32,0.3,0.04642876423895359
S013,SDA,1.0,0.3,0.0001,256,128,0.3,0.02963816560804844
S013,SDA,1.0,0.3,0.0001,256,32,0.3,0.032294593285769224
S013,SDA,1.0,0.5,0.0001,128,32,0.3,0.051516540348529816
S013,SDA,1.0,0.5,0.0001,128,64,0.3,0.04477196419611573
S013,SDA,1.0,0.5,0.0001,128,128,0.3,0.02803264174144715
S013,SDA,1.0,0.5,0.0001,64,128,0.3,0.044947557151317596
S013,SDA,1.0,0.5,0.0001,256,32,0.3,0.037356782238930464
S013,SDA,1.0,0.5,0.0001,256,128,0.3,0.022469033487141132
S013,SDA,1.5,0.3,0.0001,64,32,0.3,0.027132472954690456
S013,SDA,1.0,0.5,0.0001,256,64,0.3,0.0678460830822587
S013,SDA,1.5,0.3,0.0001,64,64,0.3,0.03710782481357455
S013,SDA,1.5,0.3,0.0001,64,128,0.3,0.03205163311213255
S013,SDA,1.5,0.3,0.0001,128,128,0.3,0.023823972325772047
S013,SDA,1.5,0.3,0.0001,128,32,0.3,0.04197324113920331
S013,SDA,1.5,0.3,0.0001,128,64,0.3,0.04633341310545802
S013,SDA,1.5,0.3,0.0001,256,32,0.3,0.05125582218170166
S013,SDA,1.5,0.3,0.0001,256,64,0.3,0.0321109788492322
S013,SDA,1.5,0.3,0.0001,256,128,0.3,0.02571642119437456
S013,SDA,1.5,0.5,0.0001,64,64,0.3,0.020440360764041543
S013,SDA,1.5,0.5,0.0001,64,32,0.3,0.02451827412005514
S013,SDA,1.5,0.5,0.0001,64,128,0.3,0.0294977753655985
S013,SDA,1.5,0.5,0.0001,128,64,0.3,0.035637601744383574
S013,SDA,1.5,0.5,0.0001,128,32,0.3,0.043210865929722786
S013,SDA,1.5,0.5,0.0001,128,128,0.3,0.03143842751160264
S013,SDA,1.5,0.5,0.0001,256,32,0.3,0.027398552047088742
S013,SDA,1.5,0.5,0.0001,256,128,0.3,0.037705575581640005
S013,SDA,1.5,0.5,0.0001,256,64,0.3,0.044816650450229645
S013,SDA,2.0,0.3,0.0001,64,64,0.3,0.027500799420522526
S013,SDA,2.0,0.3,0.0001,64,32,0.3,0.028787996619939804
S013,SDA,2.0,0.3,0.0001,128,32,0.3,0.031073308549821377
S013,SDA,2.0,0.3,0.0001,128,64,0.3,0.0228105578571558
S013,SDA,2.0,0.3,0.0001,64,128,0.3,0.027407622197642922
S013,SDA,2.0,0.3,0.0001,128,128,0.3,0.03709062281996012
S013,SDA,2.0,0.3,0.0001,256,64,0.3,0.020469024195335805
S013,SDA,2.0,0.3,0.0001,256,32,0.3,0.02451632152951788
S013,SDA,2.0,0.3,0.0001,256,128,0.3,0.06147775333374739
S013,SDA,2.0,0.5,0.0001,64,64,0.3,0.03196362033486366
S013,SDA,2.0,0.5,0.0001,64,32,0.3,0.026402493938803673
S013,SDA,2.0,0.5,0.0001,64,128,0.3,0.030553117394447327
S013,SDA,2.0,0.5,0.0001,128,32,0.3,0.030789962969720364
S013,SDA,2.0,0.5,0.0001,128,64,0.3,0.021982762962579727
S013,SDA,2.0,0.5,0.0001,128,128,0.3,0.022030752792488784
S013,SDA,2.0,0.5,0.0001,256,32,0.3,0.02173967892304063
S013,SDA,2.0,0.5,0.0001,256,64,0.3,0.035909904167056084
S013,SDA,2.0,0.5,0.0001,256,128,0.3,0.027758679818361998
S003,SDA,0.5,0.3,0.0001,64,32,0.3,0.027247614809311926
S003,SDA,0.5,0.3,0.0001,64,64,0.3,0.027594685438089073
S003,SDA,0.5,0.3,0.0001,128,32,0.3,0.03190015908330679
S003,SDA,0.5,0.3,0.0001,128,64,0.3,0.03995696658967063
S003,SDA,0.5,0.3,0.0001,128,128,0.3,0.02846708695869893
S003,SDA,0.5,0.3,0.0001,64,128,0.3,0.02327519847312942
S003,SDA,0.5,0.3,0.0001,256,32,0.3,0.032758569926954806
S003,SDA,0.5,0.3,0.0001,256,64,0.3,0.033541438286192715
S003,SDA,0.5,0.3,0.0001,256,128,0.3,0.03222628135699779
S003,SDA,0.5,0.5,0.0001,64,128,0.3,0.02108560485066846
S003,SDA,0.5,0.5,0.0001,64,64,0.3,0.025116232223808765
S003,SDA,0.5,0.5,0.0001,64,32,0.3,0.030168136639986187
S003,SDA,0.5,0.5,0.0001,128,128,0.3,0.03298970661126077
S003,SDA,0.5,0.5,0.0001,128,32,0.3,0.029377567232586443
S003,SDA,0.5,0.5,0.0001,128,64,0.3,0.03530832706019282
S003,SDA,0.5,0.5,0.0001,256,32,0.3,0.038304511457681656
S003,SDA,0.5,0.5,0.0001,256,64,0.3,0.03858443070203066
S003,SDA,0.5,0.5,0.0001,256,128,0.3,0.04015450517181307
S003,SDA,0.5,0.7,0.0001,64,64,0.3,0.028834305703639984
S003,SDA,0.5,0.7,0.0001,64,128,0.3,0.025393325660843402
S003,SDA,0.5,0.7,0.0001,128,32,0.3,0.0355597659945488
S003,SDA,0.5,0.7,0.0001,128,64,0.3,0.030304212355986238
S003,SDA,0.5,0.7,0.0001,64,32,0.3,0.030219375621527433
S003,SDA,0.5,0.7,0.0001,128,128,0.3,0.03390398487681523
S003,SDA,0.5,0.7,0.0001,256,128,0.3,0.03755051095504314
S003,SDA,0.5,0.7,0.0001,256,32,0.3,0.037603984819725156
S003,SDA,0.5,0.7,0.0001,256,64,0.3,0.0423875420819968
S003,SDA,0.5,1.0,0.0001,64,32,0.3,0.025605717964936048
S003,SDA,0.5,1.0,0.0001,128,32,0.3,0.027604677132330835
S003,SDA,0.5,1.0,0.0001,64,64,0.3,0.027910556411370635
S003,SDA,0.5,1.0,0.0001,64,128,0.3,0.024219642858952284
S003,SDA,0.5,1.0,0.0001,128,64,0.3,0.034340632730163634
S003,SDA,0.5,1.0,0.0001,128,128,0.3,0.043818202102556825
S003,SDA,1.0,0.3,0.0001,64,32,0.3,0.020076763234101236
S003,SDA,1.0,0.3,0.0001,64,64,0.3,0.022731074830517173
S003,SDA,1.0,0.3,0.0001,64,128,0.3,0.024172008270397782
S003,SDA,1.0,0.3,0.0001,128,32,0.3,0.022793548414483666
S003,SDA,1.0,0.3,0.0001,128,64,0.3,0.021522281225770712
S003,SDA,1.0,0.3,0.0001,128,128,0.3,0.022101168637163937
S003,SDA,1.0,0.3,0.0001,256,32,0.3,0.023556720290798694
S003,SDA,1.0,0.3,0.0001,256,64,0.3,0.029443050269037485
S003,SDA,1.0,0.3,0.0001,256,128,0.3,0.02784926729509607
S003,SDA,1.0,0.5,0.0001,64,32,0.3,0.021606226393487304
S003,SDA,1.0,0.5,0.0001,64,64,0.3,0.025592612102627754
S003,SDA,1.0,0.5,0.0001,64,128,0.3,0.020582100958563387
S003,SDA,1.0,0.5,0.0001,128,32,0.3,0.027358466642908752
S003,SDA,1.0,0.5,0.0001,128,64,0.3,0.031738751102238894
S003,SDA,1.0,0.5,0.0001,128,128,0.3,0.021421379526145756
S003,SDA,1.0,0.5,0.0001,256,32,0.3,0.021837523905560374
S003,SDA,1.0,0.5,0.0001,256,64,0.3,0.03350931324530393
S003,SDA,1.0,0.5,0.0001,256,128,0.3,0.029247050872072577
S003,SDA,0.5,1.0,0.0001,256,64,0.3,0.03681285434868187
S003,SDA,0.5,1.0,0.0001,256,128,0.3,0.03779271035455167
S003,SDA,0.5,1.0,0.0001,256,32,0.3,0.04039418383035809
S003,SDA,1.0,0.7,0.0001,64,64,0.3,0.024153199046850204
S003,SDA,1.0,0.7,0.0001,64,32,0.3,0.024316664086654782
S003,SDA,1.0,0.7,0.0001,64,128,0.3,0.020862118457444012
S003,SDA,1.0,0.7,0.0001,128,128,0.3,0.022325202939100564
S003,SDA,1.0,0.7,0.0001,128,64,0.3,0.025525891047436744
S003,SDA,1.0,0.7,0.0001,128,32,0.3,0.027104857726953924
S003,SDA,1.0,0.7,0.0001,256,32,0.3,0.027750104811275378
S003,SDA,1.0,1.0,0.0001,64,64,0.3,0.02300492743961513
S003,SDA,1.0,0.7,0.0001,256,128,0.3,0.025961849256418645
S003,SDA,1.0,1.0,0.0001,64,32,0.3,0.02078298822743818
S003,SDA,1.0,0.7,0.0001,256,64,0.3,0.042170903412625194
S003,SDA,1.0,1.0,0.0001,128,32,0.3,0.03303486999357119
S003,SDA,1.0,1.0,0.0001,64,128,0.3,0.02518668002448976
S003,SDA,1.0,1.0,0.0001,128,128,0.3,0.021418776945210993
S003,SDA,1.0,1.0,0.0001,128,64,0.3,0.03440654155565426
S003,SDA,1.5,0.3,0.0001,64,32,0.3,0.021783532691188157
S003,SDA,1.5,0.3,0.0001,64,64,0.3,0.020997046143747866
S003,SDA,1.5,0.3,0.0001,64,128,0.3,0.02329382859170437
S003,SDA,1.5,0.3,0.0001,128,32,0.3,0.021981936355587095
S003,SDA,1.5,0.3,0.0001,128,64,0.3,0.02181779104284942
S003,SDA,1.5,0.3,0.0001,128,128,0.3,0.021711258974391967
S003,SDA,1.5,0.3,0.0001,256,32,0.3,0.025435780291445553
S003,SDA,1.5,0.3,0.0001,256,64,0.3,0.02349854540079832
S003,SDA,1.5,0.3,0.0001,256,128,0.3,0.03022303432226181
S003,SDA,1.5,0.5,0.0001,64,32,0.3,0.0226186498766765
S003,SDA,1.5,0.5,0.0001,64,64,0.3,0.02473417390137911
S003,SDA,1.5,0.5,0.0001,64,128,0.3,0.020898649701848626
S003,SDA,1.5,0.5,0.0001,128,32,0.3,0.024121871101669967
S003,SDA,1.5,0.5,0.0001,128,64,0.3,0.02391357149463147
S003,SDA,1.5,0.5,0.0001,128,128,0.3,0.021449617168400437
S003,SDA,1.5,0.5,0.0001,256,32,0.3,0.029368906747549772
S003,SDA,1.5,0.5,0.0001,256,64,0.3,0.0257286939304322
S003,SDA,1.5,0.5,0.0001,256,128,0.3,0.024393317056819797
S003,SDA,1.0,1.0,0.0001,256,64,0.3,0.03368427767418325
S003,SDA,1.0,1.0,0.0001,256,128,0.3,0.028385653626173735
S003,SDA,1.0,1.0,0.0001,256,32,0.3,0.03235074074473232
S003,SDA,1.5,0.7,0.0001,64,32,0.3,0.02220343251246959
S003,SDA,1.5,0.7,0.0001,128,32,0.3,0.02426698326598853
S003,SDA,1.5,0.7,0.0001,64,64,0.3,0.025167236337438226
S003,SDA,1.5,0.7,0.0001,64,128,0.3,0.02093644323758781
S003,SDA,1.5,0.7,0.0001,128,64,0.3,0.02201287215575576
S003,SDA,1.5,0.7,0.0001,256,32,0.3,0.019802033086307347
S003,SDA,1.5,0.7,0.0001,128,128,0.3,0.02424680977128446
S003,SDA,1.5,0.7,0.0001,256,64,0.3,0.0247007958823815
S003,SDA,1.5,1.0,0.0001,64,32,0.3,0.020276805036701262
S003,SDA,1.5,0.7,0.0001,256,128,0.3,0.03298182424623519
S003,SDA,1.5,1.0,0.0001,64,64,0.3,0.022775989142246544
S003,SDA,1.5,1.0,0.0001,128,32,0.3,0.021945023559965193
S003,SDA,1.5,1.0,0.0001,64,128,0.3,0.01973992318380624
S003,SDA,1.5,1.0,0.0001,256,64,0.3,0.021241862792521715
S003,SDA,1.5,1.0,0.0001,128,64,0.3,0.026744407252408564
S003,SDA,2.0,0.3,0.0001,64,32,0.3,0.025509091559797525
S003,SDA,2.0,0.3,0.0001,64,64,0.3,0.024414605111815035
S003,SDA,2.0,0.3,0.0001,64,128,0.3,0.020111493475269526
S003,SDA,2.0,0.3,0.0001,128,32,0.3,0.027201047632843256
S003,SDA,2.0,0.3,0.0001,128,64,0.3,0.021757186856120825
S003,SDA,2.0,0.3,0.0001,128,128,0.3,0.02882297069299966
S003,SDA,2.0,0.3,0.0001,256,32,0.3,0.02288907580077648
S003,SDA,2.0,0.3,0.0001,256,64,0.3,0.024796217563562095
S003,SDA,2.0,0.3,0.0001,256,128,0.3,0.023593480116687715
S003,SDA,2.0,0.5,0.0001,64,32,0.3,0.023734706570394337
S003,SDA,2.0,0.5,0.0001,64,64,0.3,0.023575167288072407
S003,SDA,2.0,0.5,0.0001,64,128,0.3,0.021439359174109995
S003,SDA,2.0,0.5,0.0001,128,32,0.3,0.01972281199414283
S003,SDA,2.0,0.5,0.0001,128,64,0.3,0.02141803817357868
S003,SDA,2.0,0.5,0.0001,128,128,0.3,0.02219882473582402
S003,SDA,2.0,0.5,0.0001,256,32,0.3,0.019572913297452033
S003,SDA,2.0,0.5,0.0001,256,64,0.3,0.0220406957087107
S003,SDA,2.0,0.5,0.0001,256,128,0.3,0.023078874219208956
S003,SDA,1.5,1.0,0.0001,256,32,0.3,0.02178579446626827
S003,SDA,1.5,1.0,0.0001,256,128,0.3,0.020431095734238625
S003,SDA,1.5,1.0,0.0001,128,128,0.3,0.02742182044312358
S003,SDA,2.0,0.7,0.0001,64,32,0.3,0.020038279239088297
S003,SDA,2.0,0.7,0.0001,64,64,0.3,0.021248233155347407
S003,SDA,2.0,0.7,0.0001,128,32,0.3,0.02025928720831871
S003,SDA,2.0,0.7,0.0001,128,128,0.3,0.02217388921417296
S003,SDA,2.0,0.7,0.0001,128,64,0.3,0.022120440378785133
S003,SDA,2.0,0.7,0.0001,64,128,0.3,0.023424668703228235
S003,SDA,2.0,0.7,0.0001,256,64,0.3,0.024597679963335395
S003,SDA,2.0,0.7,0.0001,256,32,0.3,0.025765661499463022
S003,SDA,2.0,0.7,0.0001,256,128,0.3,0.022015798836946487
S003,SDA,2.0,1.0,0.0001,64,32,0.3,0.019233039114624262
S003,SDA,2.0,1.0,0.0001,64,64,0.3,0.02123642456717789
S003,SDA,2.0,1.0,0.0001,64,128,0.3,0.02268647577147931
S003,SDA,2.0,1.0,0.0001,128,128,0.3,0.021846487885341048
S003,SDA,2.0,1.0,0.0001,128,64,0.3,0.022857435105834156
S003,SDA,2.0,1.0,0.0001,256,32,0.3,0.0188853366416879
S003,SDA,2.0,1.0,0.0001,128,32,0.3,0.02821320795919746
S003,SDA,2.0,1.0,0.0001,256,128,0.3,0.02031732304021716
S003,SDA,2.0,1.0,0.0001,256,64,0.3,0.024367798818275332
S003,SDA,2.5,0.3,0.0001,64,32,0.3,0.026240979554131627
S003,SDA,2.5,0.3,0.0001,64,64,0.3,0.027649261290207505
S003,SDA,2.5,0.3,0.0001,64,128,0.3,0.024775895522907376
S003,SDA,2.5,0.3,0.0001,128,32,0.3,0.02720696886535734
S003,SDA,2.5,0.3,0.0001,128,64,0.3,0.02698217681609094
S003,SDA,2.5,0.3,0.0001,256,32,0.3,0.024617199902422726
S003,SDA,2.5,0.3,0.0001,128,128,0.3,0.023040379397571087
S003,SDA,2.5,0.3,0.0001,256,128,0.3,0.027086157584562898
S003,SDA,2.5,0.3,0.0001,256,64,0.3,0.032071912894025445
S003,SDA,2.5,0.5,0.0001,64,64,0.3,0.02272771083517
S003,SDA,2.5,0.5,0.0001,64,32,0.3,0.026594792027026415
S003,SDA,2.5,0.5,0.0001,128,32,0.3,0.023813200648874044
S003,SDA,2.5,0.5,0.0001,128,128,0.3,0.023461185046471655
S003,SDA,2.5,0.5,0.0001,64,128,0.3,0.024352229083888233
S003,SDA,2.5,0.5,0.0001,128,64,0.3,0.026474743033759296
S003,SDA,2.5,0.5,0.0001,256,32,0.3,0.022457495098933578
S003,SDA,2.5,0.5,0.0001,256,128,0.3,0.027299355482682586
S003,SDA,2.5,0.5,0.0001,256,64,0.3,0.02477821963839233
S003,SDA,2.5,0.7,0.0001,64,32,0.3,0.02448139456100762
S003,SDA,2.5,0.7,0.0001,64,64,0.3,0.02257510449271649
S003,SDA,2.5,0.7,0.0001,64,128,0.3,0.02258281223475933
S003,SDA,2.5,0.7,0.0001,128,32,0.3,0.022208936046808958
S003,SDA,2.5,0.7,0.0001,128,64,0.3,0.02240868692751974
S003,SDA,2.5,0.7,0.0001,128,128,0.3,0.024451685254462063
S003,SDA,2.5,0.7,0.0001,256,32,0.3,0.023321088519878685
S003,SDA,2.5,0.7,0.0001,256,64,0.3,0.0211171597475186
S003,SDA,2.5,1.0,0.0001,64,32,0.3,0.022452192148193717
S003,SDA,2.5,0.7,0.0001,256,128,0.3,0.025586671428754926
S003,SDA,2.5,1.0,0.0001,64,64,0.3,0.022591067594476044
S003,SDA,2.5,1.0,0.0001,64,128,0.3,0.01952640520175919
S003,SDA,2.5,1.0,0.0001,128,128,0.3,0.02113455906510353
S003,SDA,2.5,1.0,0.0001,128,32,0.3,0.021063989959657192
S003,SDA,2.5,1.0,0.0001,256,64,0.3,0.0242529473034665
S003,SDA,2.5,1.0,0.0001,128,64,0.3,0.021127137588337064
S003,SDA,2.5,1.0,0.0001,256,32,0.3,0.026203259243629873
S003,SDA,2.5,1.0,0.0001,256,128,0.3,0.02947963774204254
S003,SDA,3.0,0.3,0.0001,128,32,0.3,0.4991855248808861
S003,SDA,3.0,0.3,0.0001,64,32,0.3,0.3875717259943485
S003,SDA,3.0,0.3,0.0001,64,64,0.3,0.4327206499874592
S003,SDA,3.0,0.3,0.0001,64,128,0.3,0.03790116007439792
S003,SDA,3.0,0.3,0.0001,128,128,0.3,0.029565795557573438
S003,SDA,3.0,0.3,0.0001,256,64,0.3,0.2882908806204796
S003,SDA,3.0,0.3,0.0001,128,64,0.3,0.3604382127523422
S003,SDA,3.0,0.3,0.0001,256,32,0.3,0.49979687482118607
S003,SDA,3.0,0.5,0.0001,64,32,0.3,0.2955762706696987
S003,SDA,3.0,0.3,0.0001,256,128,0.3,0.04299820214509964
S003,SDA,3.0,0.5,0.0001,64,128,0.3,0.28525114990770817
S003,SDA,3.0,0.5,0.0001,128,32,0.3,0.02545118157286197
S003,SDA,3.0,0.5,0.0001,64,64,0.3,0.025191742461174726
S003,SDA,3.0,0.5,0.0001,128,64,0.3,0.024519107304513454
S003,SDA,3.0,0.5,0.0001,128,128,0.3,0.025589918135665357
S003,SDA,3.0,0.5,0.0001,256,128,0.3,0.02504164376296103
S003,SDA,3.0,0.5,0.0001,256,64,0.3,0.02756649744696915
S003,SDA,3.0,0.7,0.0001,64,32,0.3,0.2646419871598482
S003,SDA,3.0,0.5,0.0001,256,32,0.3,0.02819659560918808
S003,SDA,3.0,0.7,0.0001,128,32,0.3,0.24582196213304996
S003,SDA,3.0,0.7,0.0001,128,64,0.3,0.0291960583999753
S003,SDA,3.0,0.7,0.0001,64,64,0.3,0.024100622162222862
S003,SDA,3.0,0.7,0.0001,128,128,0.3,0.023622254142537713
S003,SDA,3.0,0.7,0.0001,64,128,0.3,0.021599250379949808
S003,SDA,3.0,0.7,0.0001,256,128,0.3,0.024844186496920884
S003,SDA,3.0,0.7,0.0001,256,32,0.3,0.023064189357683063
S003,SDA,3.0,0.7,0.0001,256,64,0.3,0.028050021501258016
S003,SDA,3.0,1.0,0.0001,64,64,0.3,0.026649707928299904
S003,SDA,3.0,1.0,0.0001,64,128,0.3,0.021698211086913943
S003,SDA,3.0,1.0,0.0001,128,32,0.3,0.022808691952377558
S003,SDA,3.0,1.0,0.0001,64,32,0.3,0.020710947457700968
S003,SDA,3.0,1.0,0.0001,128,64,0.3,0.022970858146436512
S003,SDA,3.0,1.0,0.0001,256,32,0.3,0.02002382412320003
S004,SDA,0.5,0.3,0.0001,64,32,0.3,0.14084235671907663
S004,SDA,0.5,0.3,0.0001,64,64,0.3,0.15987263433635235
S004,SDA,0.5,0.3,0.0001,64,128,0.3,0.17794585041701794
S004,SDA,0.5,0.3,0.0001,128,32,0.3,0.20455053076148033
S004,SDA,0.5,0.3,0.0001,128,64,0.3,0.1581636480987072
S004,SDA,0.5,0.3,0.0001,128,128,0.3,0.1427836213260889
S004,SDA,0.5,0.3,0.0001,256,32,0.3,0.14139365032315254
S004,SDA,0.5,0.3,0.0001,256,64,0.3,0.18732638284564018
S004,SDA,0.5,0.3,0.0001,256,128,0.3,0.15288064070045948
S004,SDA,0.5,0.5,0.0001,64,32,0.3,0.2063925862312317
S004,SDA,0.5,0.5,0.0001,64,64,0.3,0.1482800729572773
S004,SDA,0.5,0.5,0.0001,64,128,0.3,0.16109606996178627
S004,SDA,0.5,0.5,0.0001,128,32,0.3,0.13075746968388557
S004,SDA,0.5,0.5,0.0001,128,64,0.3,0.13622993789613247
S004,SDA,0.5,0.5,0.0001,128,128,0.3,0.13775601238012314
S004,SDA,0.5,0.5,0.0001,256,32,0.3,0.1547601716592908
S004,SDA,0.5,0.5,0.0001,256,64,0.3,0.13419674523174763
S004,SDA,0.5,0.5,0.0001,256,128,0.3,0.14481219463050365
S003,SDA,3.0,1.0,0.0001,256,64,0.3,0.022171372664161026
S003,SDA,3.0,1.0,0.0001,128,128,0.3,0.024401065078563988
S004,SDA,0.5,0.7,0.0001,64,32,0.3,0.14077628031373024
S003,SDA,3.0,1.0,0.0001,256,128,0.3,0.025530050159431994
S004,SDA,0.5,0.7,0.0001,64,64,0.3,0.1211551558226347
S004,SDA,0.5,0.7,0.0001,128,32,0.3,0.13253056071698666
S004,SDA,0.5,0.7,0.0001,128,64,0.3,0.13277526944875717
S004,SDA,0.5,0.7,0.0001,128,128,0.3,0.17985130660235882
S004,SDA,0.5,0.7,0.0001,64,128,0.3,0.1169348917901516
S004,SDA,0.5,0.7,0.0001,256,128,0.3,0.11391079053282738
S004,SDA,0.5,1.0,0.0001,64,32,0.3,0.1132898349314928
S004,SDA,0.5,0.7,0.0001,256,32,0.3,0.13332781568169594
S004,SDA,0.5,0.7,0.0001,256,64,0.3,0.19147652573883533
S004,SDA,0.5,1.0,0.0001,64,64,0.3,0.13377513736486435
S004,SDA,0.5,1.0,0.0001,64,128,0.3,0.16190475784242153
S004,SDA,0.5,1.0,0.0001,128,64,0.3,0.16338670253753662
S004,SDA,0.5,1.0,0.0001,128,128,0.3,0.18728497996926308
S004,SDA,0.5,1.0,0.0001,128,32,0.3,0.16725716926157475
S004,SDA,1.0,0.3,0.0001,64,32,0.3,0.1699113231152296
S004,SDA,1.0,0.3,0.0001,64,64,0.3,0.12168754730373621
S004,SDA,1.0,0.3,0.0001,64,128,0.3,0.10902251489460468
S004,SDA,1.0,0.3,0.0001,128,32,0.3,0.13404174894094467
S004,SDA,1.0,0.3,0.0001,128,64,0.3,0.15020840801298618
S004,SDA,1.0,0.3,0.0001,128,128,0.3,0.1307253483682871
S004,SDA,1.0,0.3,0.0001,256,32,0.3,0.13585379160940647
S004,SDA,1.0,0.3,0.0001,256,64,0.3,0.12578468583524227
S004,SDA,1.0,0.3,0.0001,256,128,0.3,0.12443746626377106
S004,SDA,1.0,0.5,0.0001,64,32,0.3,0.12037984654307365
S004,SDA,1.0,0.5,0.0001,64,64,0.3,0.1302290428429842
S004,SDA,1.0,0.5,0.0001,64,128,0.3,0.15952271036803722
S004,SDA,1.0,0.5,0.0001,128,32,0.3,0.1315652746707201
S004,SDA,1.0,0.5,0.0001,128,64,0.3,0.10720405168831348
S004,SDA,1.0,0.5,0.0001,128,128,0.3,0.13698263093829155
S004,SDA,1.0,0.5,0.0001,256,32,0.3,0.14260905236005783
S004,SDA,1.0,0.5,0.0001,256,64,0.3,0.11985084041953087
S004,SDA,1.0,0.5,0.0001,256,128,0.3,0.14558786526322365
S004,SDA,0.5,1.0,0.0001,256,32,0.3,0.1356992870569229
S004,SDA,1.0,0.7,0.0001,64,32,0.3,0.10203967988491058
S004,SDA,0.5,1.0,0.0001,256,64,0.3,0.1507324632257223
S004,SDA,0.5,1.0,0.0001,256,128,0.3,0.19281225837767124
S004,SDA,1.0,0.7,0.0001,64,128,0.3,0.17295343428850174
S004,SDA,1.0,0.7,0.0001,128,64,0.3,0.14581103809177876
S004,SDA,1.0,0.7,0.0001,128,32,0.3,0.11912977695465088
S004,SDA,1.0,0.7,0.0001,64,64,0.3,0.15898952260613441
S004,SDA,1.0,0.7,0.0001,256,32,0.3,0.13420400954782963
S004,SDA,1.0,0.7,0.0001,128,128,0.3,0.12385457009077072
S004,SDA,1.0,0.7,0.0001,256,128,0.3,0.11775186471641064
S004,SDA,1.0,0.7,0.0001,256,64,0.3,0.15839972905814648
S004,SDA,1.0,1.0,0.0001,64,128,0.3,0.10255470965057611
S004,SDA,1.0,1.0,0.0001,64,64,0.3,0.10262464731931686
S004,SDA,1.0,1.0,0.0001,128,32,0.3,0.1170486444607377
S004,SDA,1.0,1.0,0.0001,64,32,0.3,0.15456213150173426
S004,SDA,1.0,1.0,0.0001,128,64,0.3,0.12855892814695835
S004,SDA,1.0,1.0,0.0001,128,128,0.3,0.11146087199449539
S004,SDA,1.5,0.3,0.0001,64,32,0.3,0.17944384925067425
S004,SDA,1.5,0.3,0.0001,64,64,0.3,0.09751449804753065
S004,SDA,1.5,0.3,0.0001,64,128,0.3,0.13614183105528355
S004,SDA,1.5,0.3,0.0001,128,32,0.3,0.14502158761024475
S004,SDA,1.5,0.3,0.0001,128,64,0.3,0.12381989136338234
S004,SDA,1.5,0.3,0.0001,128,128,0.3,0.14211126416921616
S004,SDA,1.5,0.3,0.0001,256,32,0.3,0.18041378632187843
S004,SDA,1.5,0.3,0.0001,256,64,0.3,0.17209031246602535
S004,SDA,1.5,0.3,0.0001,256,128,0.3,0.13723355159163475
S004,SDA,1.5,0.5,0.0001,64,32,0.3,0.10809105262160301
S004,SDA,1.5,0.5,0.0001,64,64,0.3,0.1174129955470562
S004,SDA,1.5,0.5,0.0001,64,128,0.3,0.10777266975492239
S004,SDA,1.5,0.5,0.0001,128,32,0.3,0.12663273513317108
S004,SDA,1.5,0.5,0.0001,128,64,0.3,0.15040981397032738
S004,SDA,1.5,0.5,0.0001,128,128,0.3,0.11178930476307869
S004,SDA,1.5,0.5,0.0001,256,32,0.3,0.1514496197924018
S004,SDA,1.5,0.5,0.0001,256,64,0.3,0.13580454606562853
S004,SDA,1.5,0.5,0.0001,256,128,0.3,0.12217044364660978
S004,SDA,1.0,1.0,0.0001,256,64,0.3,0.11248891521245241
S004,SDA,1.0,1.0,0.0001,256,128,0.3,0.11402837187051773
S004,SDA,1.5,0.7,0.0001,64,64,0.3,0.1381794484332204
S004,SDA,1.0,1.0,0.0001,256,32,0.3,0.11469970922917128
S004,SDA,1.5,0.7,0.0001,64,32,0.3,0.1382480813190341
S004,SDA,1.5,0.7,0.0001,64,128,0.3,0.136186046525836
S004,SDA,1.5,0.7,0.0001,128,32,0.3,0.12642907723784447
S004,SDA,1.5,0.7,0.0001,128,128,0.3,0.09848051331937313
S004,SDA,1.5,0.7,0.0001,256,64,0.3,0.1538775283843279
S004,SDA,1.5,0.7,0.0001,256,32,0.3,0.1422746554017067
S004,SDA,1.5,0.7,0.0001,128,64,0.3,0.09849263541400433
S004,SDA,1.5,0.7,0.0001,256,128,0.3,0.11952430568635464
S004,SDA,1.5,1.0,0.0001,64,128,0.3,0.09966407902538776
S004,SDA,1.5,1.0,0.0001,64,64,0.3,0.10145232174545527
S004,SDA,1.5,1.0,0.0001,128,32,0.3,0.11563324369490147
S004,SDA,1.5,1.0,0.0001,64,32,0.3,0.11113588139414787
S004,SDA,1.5,1.0,0.0001,256,32,0.3,0.11848668567836285
S004,SDA,1.5,1.0,0.0001,128,128,0.3,0.1004466600716114
S004,SDA,2.0,0.3,0.0001,64,32,0.3,0.11001325957477093
S004,SDA,2.0,0.3,0.0001,64,64,0.3,0.1658544111996889
S004,SDA,2.0,0.3,0.0001,64,128,0.3,0.12158385757356882
S004,SDA,2.0,0.3,0.0001,128,32,0.3,0.15262841805815697
S004,SDA,2.0,0.3,0.0001,128,64,0.3,0.12083544675260782
S004,SDA,2.0,0.3,0.0001,128,128,0.3,0.13091675005853176
S004,SDA,2.0,0.3,0.0001,256,32,0.3,0.1695793829858303
S004,SDA,2.0,0.3,0.0001,256,64,0.3,0.17582552880048752
S004,SDA,2.0,0.3,0.0001,256,128,0.3,0.1463920483365655
S004,SDA,2.0,0.5,0.0001,64,32,0.3,0.10490501020103693
S004,SDA,2.0,0.5,0.0001,64,64,0.3,0.1292185690253973
S004,SDA,2.0,0.5,0.0001,64,128,0.3,0.08706870954483747
S004,SDA,2.0,0.5,0.0001,128,32,0.3,0.1332314144819975
S004,SDA,2.0,0.5,0.0001,128,64,0.3,0.1315508559346199
S004,SDA,2.0,0.5,0.0001,128,128,0.3,0.13019993528723717
S004,SDA,2.0,0.5,0.0001,256,32,0.3,0.15177663136273623
S004,SDA,2.0,0.5,0.0001,256,64,0.3,0.1353848958387971
S004,SDA,2.0,0.5,0.0001,256,128,0.3,0.15523099154233932
S004,SDA,1.5,1.0,0.0001,128,64,0.3,0.10257768630981445
S004,SDA,1.5,1.0,0.0001,256,64,0.3,0.14473167434334755
S004,SDA,1.5,1.0,0.0001,256,128,0.3,0.09896497242152691
S004,SDA,2.0,0.7,0.0001,64,64,0.3,0.1678049387410283
S004,SDA,2.0,0.7,0.0001,64,32,0.3,0.1179541265591979
S004,SDA,2.0,0.7,0.0001,64,128,0.3,0.12242721114307642
S004,SDA,2.0,0.7,0.0001,128,32,0.3,0.13743250630795956
S004,SDA,2.0,0.7,0.0001,256,32,0.3,0.1695682369172573
S004,SDA,2.0,0.7,0.0001,128,64,0.3,0.10162170231342316
S004,SDA,2.0,0.7,0.0001,256,64,0.3,0.09827394876629114
S004,SDA,2.0,0.7,0.0001,128,128,0.3,0.11281226668506861
S004,SDA,2.0,0.7,0.0001,256,128,0.3,0.11978506669402122
S004,SDA,2.0,1.0,0.0001,64,32,0.3,0.1320172492414713
S004,SDA,2.0,1.0,0.0001,128,32,0.3,0.13204960990697145
S004,SDA,2.0,1.0,0.0001,128,64,0.3,0.1390446349978447
S004,SDA,2.0,1.0,0.0001,64,128,0.3,0.11231891997158527
S004,SDA,2.0,1.0,0.0001,64,64,0.3,0.12426918931305408
S004,SDA,2.0,1.0,0.0001,256,32,0.3,0.1420845165848732
S004,SDA,2.0,1.0,0.0001,256,64,0.3,0.10827086120843887
S004,SDA,2.0,1.0,0.0001,128,128,0.3,0.10963336285203695
S004,SDA,2.0,1.0,0.0001,256,128,0.3,0.11682670935988426
S004,SDA,2.5,0.3,0.0001,128,32,0.3,0.15355989709496498
S004,SDA,2.5,0.3,0.0001,64,32,0.3,0.1247839592397213
S004,SDA,2.5,0.3,0.0001,64,128,0.3,0.15794143825769424
S004,SDA,2.5,0.3,0.0001,64,64,0.3,0.17238238267600536
S004,SDA,2.5,0.3,0.0001,256,32,0.3,0.17947460524737835
S004,SDA,2.5,0.3,0.0001,128,128,0.3,0.1331693409010768
S004,SDA,2.5,0.3,0.0001,128,64,0.3,0.1609779680147767
S004,SDA,2.5,0.3,0.0001,256,64,0.3,0.19076546654105186
S004,SDA,2.5,0.3,0.0001,256,128,0.3,0.14514868706464767
S004,SDA,2.5,0.5,0.0001,64,32,0.3,0.13806847389787436
S004,SDA,2.5,0.5,0.0001,64,64,0.3,0.1541945356875658
S004,SDA,2.5,0.5,0.0001,128,32,0.3,0.13841734640300274
S004,SDA,2.5,0.5,0.0001,128,128,0.3,0.1351006282493472
S004,SDA,2.5,0.5,0.0001,64,128,0.3,0.12367193400859833
S004,SDA,2.5,0.5,0.0001,128,64,0.3,0.12898310087621212
S004,SDA,2.5,0.5,0.0001,256,32,0.3,0.14913046080619097
S004,SDA,2.5,0.5,0.0001,256,64,0.3,0.14210649486631155
S004,SDA,2.5,0.5,0.0001,256,128,0.3,0.17340495623648167
S004,SDA,2.5,0.7,0.0001,64,64,0.3,0.14580025523900986
S004,SDA,2.5,0.7,0.0001,128,32,0.3,0.1649408172816038
S004,SDA,2.5,0.7,0.0001,64,128,0.3,0.13597543817013502
S004,SDA,2.5,0.7,0.0001,64,32,0.3,0.1001838818192482
S004,SDA,2.5,0.7,0.0001,128,64,0.3,0.13538326509296894
S004,SDA,2.5,0.7,0.0001,256,32,0.3,0.11171382013708353
S004,SDA,2.5,0.7,0.0001,256,64,0.3,0.15447357296943665
S004,SDA,2.5,0.7,0.0001,128,128,0.3,0.10248618572950363
S004,SDA,2.5,0.7,0.0001,256,128,0.3,0.12583275511860847
S004,SDA,2.5,1.0,0.0001,128,32,0.3,0.13259095698595047
S004,SDA,2.5,1.0,0.0001,64,64,0.3,0.10877653583884239
S004,SDA,2.5,1.0,0.0001,64,32,0.3,0.12886094115674496
S004,SDA,2.5,1.0,0.0001,64,128,0.3,0.12293394654989243
S004,SDA,2.5,1.0,0.0001,128,64,0.3,0.11461875587701797
S004,SDA,2.5,1.0,0.0001,128,128,0.3,0.1158510772511363
S004,SDA,2.5,1.0,0.0001,256,32,0.3,0.11062203627079725
S004,SDA,2.5,1.0,0.0001,256,64,0.3,0.13699214160442352
S004,SDA,2.5,1.0,0.0001,256,128,0.3,0.13675846345722675
S004,SDA,3.0,0.3,0.0001,64,32,0.3,0.1399794351309538
S004,SDA,3.0,0.3,0.0001,128,32,0.3,0.17124880943447351
S004,SDA,3.0,0.3,0.0001,64,64,0.3,0.16519979760050774
S004,SDA,3.0,0.3,0.0001,64,128,0.3,0.12861647736281157
S004,SDA,3.0,0.3,0.0001,128,64,0.3,0.13598361890763044
S004,SDA,3.0,0.3,0.0001,128,128,0.3,0.1293613202869892
S004,SDA,3.0,0.3,0.0001,256,32,0.3,0.15474392101168633
S004,SDA,3.0,0.3,0.0001,256,128,0.3,0.15377308800816536
S004,SDA,3.0,0.3,0.0001,256,64,0.3,0.154613490216434
S004,SDA,3.0,0.5,0.0001,64,32,0.3,0.16018051281571388
S004,SDA,3.0,0.5,0.0001,128,32,0.3,0.13340220227837563
S004,SDA,3.0,0.5,0.0001,64,64,0.3,0.14161540940403938
S004,SDA,3.0,0.5,0.0001,128,64,0.3,0.14480958133935928
S004,SDA,3.0,0.5,0.0001,64,128,0.3,0.0970421889796853
S004,SDA,3.0,0.5,0.0001,128,128,0.3,0.15432085283100605
S004,SDA,3.0,0.5,0.0001,256,32,0.3,0.15474163834005594
S004,SDA,3.0,0.5,0.0001,256,128,0.3,0.1574421338737011
S004,SDA,3.0,0.7,0.0001,64,64,0.3,0.14700309373438358
S004,SDA,3.0,0.5,0.0001,256,64,0.3,0.17347868718206882
S004,SDA,3.0,0.7,0.0001,64,128,0.3,0.15580756403505802
S004,SDA,3.0,0.7,0.0001,64,32,0.3,0.10651312116533518
S004,SDA,3.0,0.7,0.0001,128,32,0.3,0.13104696478694677
S004,SDA,3.0,0.7,0.0001,128,64,0.3,0.14828121662139893
S004,SDA,3.0,0.7,0.0001,128,128,0.3,0.1276532495394349
S004,SDA,3.0,0.7,0.0001,256,32,0.3,0.17209514416754246
S004,SDA,3.0,0.7,0.0001,256,64,0.3,0.168153814971447
S004,SDA,3.0,0.7,0.0001,256,128,0.3,0.12841418851166964
S004,SDA,3.0,1.0,0.0001,64,32,0.3,0.16822802275419235
S004,SDA,3.0,1.0,0.0001,64,64,0.3,0.12928999215364456
S004,SDA,3.0,1.0,0.0001,64,128,0.3,0.12096898630261421
S004,SDA,3.0,1.0,0.0001,128,32,0.3,0.1443909564986825
S004,SDA,3.0,1.0,0.0001,128,64,0.3,0.14412007667124271
S004,SDA,3.0,1.0,0.0001,128,128,0.3,0.1146947517991066
S006,SDA,0.5,0.3,0.0001,64,32,0.3,0.034444734308635816
S006,SDA,0.5,0.3,0.0001,64,64,0.3,0.03501260525081307
S006,SDA,0.5,0.3,0.0001,64,128,0.3,0.03621855686651543
S006,SDA,0.5,0.3,0.0001,128,32,0.3,0.03288102461374365
S006,SDA,0.5,0.3,0.0001,128,64,0.3,0.030157006345689297
S006,SDA,0.5,0.3,0.0001,128,128,0.3,0.03577159461565316
S006,SDA,0.5,0.3,0.0001,256,32,0.3,0.03304903724347241
S006,SDA,0.5,0.3,0.0001,256,64,0.3,0.028082082542823628
S006,SDA,0.5,0.3,0.0001,256,128,0.3,0.026530211325734854
S006,SDA,0.5,0.5,0.0001,64,32,0.3,0.029688588110730052
S006,SDA,0.5,0.5,0.0001,64,64,0.3,0.029262206138810143
S006,SDA,0.5,0.5,0.0001,64,128,0.3,0.035167574766092
S006,SDA,0.5,0.5,0.0001,128,32,0.3,0.03745773603441194
S006,SDA,0.5,0.5,0.0001,128,64,0.3,0.029357798775890842
S006,SDA,0.5,0.5,0.0001,128,128,0.3,0.027027580188587308
S006,SDA,0.5,0.5,0.0001,256,32,0.3,0.02904945198679343
S006,SDA,0.5,0.5,0.0001,256,64,0.3,0.032468576420797035
S006,SDA,0.5,0.5,0.0001,256,128,0.3,0.027599145629210398
S004,SDA,3.0,1.0,0.0001,256,32,0.3,0.14485879056155682
S004,SDA,3.0,1.0,0.0001,256,64,0.3,0.11769072990864515
S004,SDA,3.0,1.0,0.0001,256,128,0.3,0.15467752516269684
S006,SDA,0.5,0.7,0.0001,64,32,0.3,0.027902822708711028
S006,SDA,0.5,0.7,0.0001,128,32,0.3,0.03205717893433757
S006,SDA,0.5,0.7,0.0001,64,64,0.3,0.026331136177759618
S006,SDA,0.5,0.7,0.0001,64,128,0.3,0.030323791754199192
S006,SDA,0.5,0.7,0.0001,128,64,0.3,0.028500411455752328
S006,SDA,0.5,0.7,0.0001,128,128,0.3,0.031999202590668574
S006,SDA,0.5,0.7,0.0001,256,32,0.3,0.02738051235792227
S006,SDA,0.5,0.7,0.0001,256,64,0.3,0.03020854282658547
S006,SDA,0.5,1.0,0.0001,64,32,0.3,0.031285871169529855
S006,SDA,0.5,0.7,0.0001,256,128,0.3,0.023864295915700495
S006,SDA,0.5,1.0,0.0001,64,128,0.3,0.032665714708855376
S006,SDA,0.5,1.0,0.0001,64,64,0.3,0.03471706574782729
S006,SDA,0.5,1.0,0.0001,128,64,0.3,0.02920394769171253
S006,SDA,0.5,1.0,0.0001,128,128,0.3,0.0313182839890942
S006,SDA,0.5,1.0,0.0001,128,32,0.3,0.024190252006519586
S006,SDA,1.0,0.3,0.0001,64,32,0.3,0.03402298176661134
S006,SDA,1.0,0.3,0.0001,64,64,0.3,0.040878951316699386
S006,SDA,1.0,0.3,0.0001,64,128,0.3,0.0326362355845049
S006,SDA,1.0,0.3,0.0001,128,32,0.3,0.030857096426188946
S006,SDA,1.0,0.3,0.0001,128,64,0.3,0.028456449101213366
S006,SDA,1.0,0.3,0.0001,128,128,0.3,0.03452065633609891
S006,SDA,1.0,0.3,0.0001,256,32,0.3,0.02902740699937567
S006,SDA,1.0,0.3,0.0001,256,64,0.3,0.031194558163406327
S006,SDA,1.0,0.3,0.0001,256,128,0.3,0.029280726157594472
S006,SDA,1.0,0.5,0.0001,64,32,0.3,0.03452882613055408
S006,SDA,1.0,0.5,0.0001,64,64,0.3,0.034686352126300335
S006,SDA,1.0,0.5,0.0001,64,128,0.3,0.032146629644557834
S006,SDA,1.0,0.5,0.0001,128,32,0.3,0.031347967276815325
S006,SDA,1.0,0.5,0.0001,128,64,0.3,0.03176766476826742
S006,SDA,1.0,0.5,0.0001,128,128,0.3,0.03330878383712843
S006,SDA,1.0,0.5,0.0001,256,32,0.3,0.03438913100399077
S006,SDA,1.0,0.5,0.0001,256,64,0.3,0.02888908435124904
S006,SDA,1.0,0.5,0.0001,256,128,0.3,0.033775115094613284
S006,SDA,0.5,1.0,0.0001,256,32,0.3,0.029294596752151847
S006,SDA,1.0,0.7,0.0001,64,32,0.3,0.03417217900278047
S006,SDA,0.5,1.0,0.0001,256,128,0.3,0.031498675467446446
S006,SDA,0.5,1.0,0.0001,256,64,0.3,0.022799117126851343
S006,SDA,1.0,0.7,0.0001,64,128,0.3,0.031104527413845062
S006,SDA,1.0,0.7,0.0001,128,32,0.3,0.04511233582161367
S006,SDA,1.0,0.7,0.0001,64,64,0.3,0.03152196211158298
S006,SDA,1.0,0.7,0.0001,128,64,0.3,0.029749597131740302
S006,SDA,1.0,0.7,0.0001,128,128,0.3,0.030424727650824934
S006,SDA,1.0,0.7,0.0001,256,64,0.3,0.028845784720033407
S006,SDA,1.0,0.7,0.0001,256,32,0.3,0.025498952658381313
S006,SDA,1.0,0.7,0.0001,256,128,0.3,0.04234303010161966
S006,SDA,1.0,1.0,0.0001,64,32,0.3,0.0439363035839051
S006,SDA,1.0,1.0,0.0001,64,128,0.3,0.037423008296173066
S006,SDA,1.0,1.0,0.0001,128,32,0.3,0.03784707095474005
S006,SDA,1.0,1.0,0.0001,64,64,0.3,0.03770526824519038
S006,SDA,1.0,1.0,0.0001,128,64,0.3,0.03116902307374403
S006,SDA,1.0,1.0,0.0001,128,128,0.3,0.037091488717123866
S006,SDA,1.5,0.3,0.0001,64,32,0.3,0.05095989431720227
S006,SDA,1.5,0.3,0.0001,64,64,0.3,0.03945725015364587
S006,SDA,1.5,0.3,0.0001,64,128,0.3,0.0461128584574908
S006,SDA,1.5,0.3,0.0001,128,32,0.3,0.03736258810386062
S006,SDA,1.5,0.3,0.0001,128,64,0.3,0.035283791134133935
S006,SDA,1.5,0.3,0.0001,128,128,0.3,0.04768652084749192
S006,SDA,1.5,0.3,0.0001,256,32,0.3,0.037206733191851526
S006,SDA,1.5,0.3,0.0001,256,64,0.3,0.036386245919857174
S006,SDA,1.5,0.3,0.0001,256,128,0.3,0.033195291412994266
S006,SDA,1.5,0.5,0.0001,64,32,0.3,0.035840995027683675
S006,SDA,1.5,0.5,0.0001,64,64,0.3,0.0566960540600121
S006,SDA,1.5,0.5,0.0001,64,128,0.3,0.02788846255862154
S006,SDA,1.5,0.5,0.0001,128,32,0.3,0.039633186999708414
S006,SDA,1.5,0.5,0.0001,128,64,0.3,0.04201108159031719
S006,SDA,1.5,0.5,0.0001,128,128,0.3,0.03371530654840171
S006,SDA,1.5,0.5,0.0001,256,32,0.3,0.03101011732360348
S006,SDA,1.5,0.5,0.0001,256,64,0.3,0.028664084209594876
S006,SDA,1.5,0.5,0.0001,256,128,0.3,0.04196810978464782
S006,SDA,1.0,1.0,0.0001,256,64,0.3,0.04423350628348999
S006,SDA,1.0,1.0,0.0001,256,32,0.3,0.03421628740034066
S006,SDA,1.0,1.0,0.0001,256,128,0.3,0.033452584699261934
S006,SDA,1.5,0.7,0.0001,64,32,0.3,0.038471272913739085
S006,SDA,1.5,0.7,0.0001,64,128,0.3,0.03898291615769267
S006,SDA,1.5,0.7,0.0001,64,64,0.3,0.047433904954232275
S006,SDA,1.5,0.7,0.0001,128,64,0.3,0.042215713765472174
S006,SDA,1.5,0.7,0.0001,128,32,0.3,0.03704050282249227
S006,SDA,1.5,0.7,0.0001,256,32,0.3,0.043478812207467854
S006,SDA,1.5,0.7,0.0001,128,128,0.3,0.034063056809827685
S006,SDA,1.5,0.7,0.0001,256,128,0.3,0.036567559000104666
S006,SDA,1.5,0.7,0.0001,256,64,0.3,0.029838954826118425
S006,SDA,1.5,1.0,0.0001,64,32,0.3,0.037146906659472734
S006,SDA,1.5,1.0,0.0001,64,64,0.3,0.0360651696100831
S006,SDA,1.5,1.0,0.0001,128,32,0.3,0.03523495260742493
S006,SDA,1.5,1.0,0.0001,128,128,0.3,0.03654204332269728
S006,SDA,1.5,1.0,0.0001,64,128,0.3,0.03371092543238774
S006,SDA,1.5,1.0,0.0001,128,64,0.3,0.033541967102792114
S006,SDA,2.0,0.3,0.0001,64,32,0.3,0.03768968035001308
S006,SDA,2.0,0.3,0.0001,64,64,0.3,0.044589067227207124
S006,SDA,2.0,0.3,0.0001,64,128,0.3,0.046200340148061514
S006,SDA,2.0,0.3,0.0001,128,32,0.3,0.05567416734993458
S006,SDA,2.0,0.3,0.0001,128,64,0.3,0.046725312480702996
S006,SDA,2.0,0.3,0.0001,128,128,0.3,0.04969809565227479
S006,SDA,2.0,0.3,0.0001,256,32,0.3,0.04379748448263854
S006,SDA,2.0,0.3,0.0001,256,64,0.3,0.04844497505109757
S006,SDA,2.0,0.3,0.0001,256,128,0.3,0.04995400458574295
S006,SDA,2.0,0.5,0.0001,64,32,0.3,0.036854625679552555
S006,SDA,2.0,0.5,0.0001,64,64,0.3,0.039812942035496235
S006,SDA,2.0,0.5,0.0001,64,128,0.3,0.04012028983561322
S006,SDA,2.0,0.5,0.0001,128,32,0.3,0.03816471772734076
S006,SDA,2.0,0.5,0.0001,128,64,0.3,0.05341262219008058
S006,SDA,2.0,0.5,0.0001,128,128,0.3,0.04939304606523365
S006,SDA,2.0,0.5,0.0001,256,32,0.3,0.037638812558725476
S006,SDA,2.0,0.5,0.0001,256,64,0.3,0.05112441012170166
S006,SDA,2.0,0.5,0.0001,256,128,0.3,0.03785649285418913
S006,SDA,1.5,1.0,0.0001,256,64,0.3,0.029542352916905656
S006,SDA,1.5,1.0,0.0001,256,32,0.3,0.04074018739629537
S006,SDA,2.0,0.7,0.0001,64,32,0.3,0.036181668285280466
S006,SDA,1.5,1.0,0.0001,256,128,0.3,0.028332396817859262
S006,SDA,2.0,0.7,0.0001,64,64,0.3,0.04796142131090164
S006,SDA,2.0,0.7,0.0001,64,128,0.3,0.047052425565198064
S006,SDA,2.0,0.7,0.0001,256,32,0.3,0.041124816751107574
S006,SDA,2.0,0.7,0.0001,128,64,0.3,0.05084146774606779
S006,SDA,2.0,0.7,0.0001,128,128,0.3,0.0397081624250859
S006,SDA,2.0,0.7,0.0001,256,64,0.3,0.038277563522569835
S006,SDA,2.0,0.7,0.0001,128,32,0.3,0.03557767119491473
S006,SDA,2.0,0.7,0.0001,256,128,0.3,0.04130766913294792
S006,SDA,2.0,1.0,0.0001,64,32,0.3,0.051204348215833306
S006,SDA,2.0,1.0,0.0001,128,32,0.3,0.05053118662908673
S006,SDA,2.0,1.0,0.0001,64,64,0.3,0.040473606903105974
S006,SDA,2.0,1.0,0.0001,64,128,0.3,0.03990946838166565
S006,SDA,2.0,1.0,0.0001,128,128,0.3,0.035788087523542345
S006,SDA,2.0,1.0,0.0001,128,64,0.3,0.04475506185553968
S006,SDA,2.0,1.0,0.0001,256,32,0.3,0.03581086313351989
S006,SDA,2.0,1.0,0.0001,256,64,0.3,0.040583248948678374
S006,SDA,2.5,0.3,0.0001,64,32,0.3,0.050138293299824
S006,SDA,2.5,0.3,0.0001,64,64,0.3,0.048356251791119576
S006,SDA,2.0,1.0,0.0001,256,128,0.3,0.031806712271645665
S006,SDA,2.5,0.3,0.0001,64,128,0.3,0.04792492068372667
S006,SDA,2.5,0.3,0.0001,128,32,0.3,0.04160288255661726
S006,SDA,2.5,0.3,0.0001,128,64,0.3,0.044734646333381534
S006,SDA,2.5,0.3,0.0001,256,32,0.3,0.04539933009073138
S006,SDA,2.5,0.3,0.0001,128,128,0.3,0.05632809107191861
S006,SDA,2.5,0.5,0.0001,64,32,0.3,0.04357684962451458
S006,SDA,2.5,0.3,0.0001,256,64,0.3,0.040877337800338864
S006,SDA,2.5,0.3,0.0001,256,128,0.3,0.040064595406875014
S006,SDA,2.5,0.5,0.0001,128,32,0.3,0.04690402140840888
S006,SDA,2.5,0.5,0.0001,64,128,0.3,0.04650405573192984
S006,SDA,2.5,0.5,0.0001,64,64,0.3,0.045293048257008195
S006,SDA,2.5,0.5,0.0001,128,64,0.3,0.04616169480141252
S006,SDA,2.5,0.5,0.0001,256,64,0.3,0.04504886968061328
S006,SDA,2.5,0.5,0.0001,128,128,0.3,0.04375266330316663
S006,SDA,2.5,0.5,0.0001,256,128,0.3,0.045867036329582334
S006,SDA,2.5,0.5,0.0001,256,32,0.3,0.030516277998685837
S006,SDA,2.5,0.7,0.0001,64,32,0.3,0.03778776992112398
S006,SDA,2.5,0.7,0.0001,64,128,0.3,0.049191089579835534
S006,SDA,2.5,0.7,0.0001,64,64,0.3,0.03737293754238635
S006,SDA,2.5,0.7,0.0001,128,32,0.3,0.043819916201755404
S006,SDA,2.5,0.7,0.0001,128,128,0.3,0.0404916568659246
S006,SDA,2.5,0.7,0.0001,256,32,0.3,0.04731869208626449
S006,SDA,2.5,0.7,0.0001,128,64,0.3,0.04354811750818044
S006,SDA,2.5,0.7,0.0001,256,64,0.3,0.03776850755093619
S006,SDA,2.5,0.7,0.0001,256,128,0.3,0.03579265996813774
S006,SDA,2.5,1.0,0.0001,64,32,0.3,0.03543509473092854
S006,SDA,2.5,1.0,0.0001,128,32,0.3,0.05426536570303142
S006,SDA,2.5,1.0,0.0001,64,64,0.3,0.047879654564894736
S006,SDA,2.5,1.0,0.0001,64,128,0.3,0.04037839011289179
S006,SDA,2.5,1.0,0.0001,256,32,0.3,0.0404964933404699
S006,SDA,2.5,1.0,0.0001,128,64,0.3,0.04555232881102711
S006,SDA,2.5,1.0,0.0001,128,128,0.3,0.05331258283695206
S006,SDA,2.5,1.0,0.0001,256,64,0.3,0.04810393135994673
S006,SDA,2.5,1.0,0.0001,256,128,0.3,0.055441634031012654
S006,SDA,3.0,0.3,0.0001,64,32,0.3,0.051486377604305744
S006,SDA,3.0,0.3,0.0001,64,128,0.3,0.052798253716900945
S006,SDA,3.0,0.3,0.0001,64,64,0.3,0.04613280319608748
S006,SDA,3.0,0.3,0.0001,128,64,0.3,0.06664371327497065
S006,SDA,3.0,0.3,0.0001,128,32,0.3,0.054651121608912945
S006,SDA,3.0,0.3,0.0001,128,128,0.3,0.06102477456443012
S006,SDA,3.0,0.3,0.0001,256,32,0.3,0.0657361876219511
S006,SDA,3.0,0.5,0.0001,64,32,0.3,0.05461647966876626
S006,SDA,3.0,0.3,0.0001,256,128,0.3,0.06090135592967272
S006,SDA,3.0,0.5,0.0001,128,32,0.3,0.07299160910770297
S006,SDA,3.0,0.3,0.0001,256,64,0.3,0.044228296261280775
S006,SDA,3.0,0.5,0.0001,64,64,0.3,0.049437683541327715
S006,SDA,3.0,0.5,0.0001,64,128,0.3,0.05028927023522556
S006,SDA,3.0,0.5,0.0001,128,128,0.3,0.0541701385518536
S006,SDA,3.0,0.5,0.0001,256,32,0.3,0.0460881955223158
S006,SDA,3.0,0.5,0.0001,256,128,0.3,0.05385066696908325
S006,SDA,3.0,0.5,0.0001,128,64,0.3,0.2566320402547717
S006,SDA,3.0,0.5,0.0001,256,64,0.3,0.04987383016850799
S006,SDA,3.0,0.7,0.0001,64,64,0.3,0.056813019094988704
S006,SDA,3.0,0.7,0.0001,64,32,0.3,0.04830776317976415
S006,SDA,3.0,0.7,0.0001,128,32,0.3,0.051905491622164845
S006,SDA,3.0,0.7,0.0001,64,128,0.3,0.05366931390017271
S006,SDA,3.0,0.7,0.0001,128,128,0.3,0.04875890235416591
S006,SDA,3.0,0.7,0.0001,128,64,0.3,0.04536194517277181
S006,SDA,3.0,0.7,0.0001,256,64,0.3,0.04795042669866234
S006,SDA,3.0,0.7,0.0001,256,128,0.3,0.05227177438791841
S006,SDA,3.0,0.7,0.0001,256,32,0.3,0.05352220591157675
S006,SDA,3.0,1.0,0.0001,64,32,0.3,0.04704611701890826
S006,SDA,3.0,1.0,0.0001,64,128,0.3,0.04540706647094339
S006,SDA,3.0,1.0,0.0001,64,64,0.3,0.04699507146142423
S006,SDA,3.0,1.0,0.0001,128,64,0.3,0.05438987072557211
S006,SDA,3.0,1.0,0.0001,128,32,0.3,0.04218635556753725
S006,SDA,3.0,1.0,0.0001,256,64,0.3,0.06370058818720281
S007,SDA,0.5,0.3,0.0001,64,32,0.3,0.009752082405611873
S007,SDA,0.5,0.3,0.0001,64,64,0.3,0.0060371748404577374
S007,SDA,0.5,0.3,0.0001,64,128,0.3,0.0056130496474603815
S007,SDA,0.5,0.3,0.0001,128,32,0.3,0.010021195436517397
S007,SDA,0.5,0.3,0.0001,128,64,0.3,0.004609786284466584
S007,SDA,0.5,0.3,0.0001,128,128,0.3,0.005765426632327338
S007,SDA,0.5,0.3,0.0001,256,32,0.3,0.005992160489161809
S007,SDA,0.5,0.3,0.0001,256,64,0.3,0.005647497523265581
S007,SDA,0.5,0.3,0.0001,256,128,0.3,0.0056850481778383255
S007,SDA,0.5,0.5,0.0001,64,32,0.3,0.01182431261986494
S007,SDA,0.5,0.5,0.0001,64,64,0.3,0.007642201458414395
S007,SDA,0.5,0.5,0.0001,64,128,0.3,0.006186380671958129
S007,SDA,0.5,0.5,0.0001,128,32,0.3,0.006605875212699175
S007,SDA,0.5,0.5,0.0001,128,64,0.3,0.007020012630770604
S007,SDA,0.5,0.5,0.0001,128,128,0.3,0.006258081994019449
S007,SDA,0.5,0.5,0.0001,256,32,0.3,0.005657910369336605
S007,SDA,0.5,0.5,0.0001,256,64,0.3,0.006335786078125238
S007,SDA,0.5,0.5,0.0001,256,128,0.3,0.006610620747475575
S006,SDA,3.0,1.0,0.0001,128,128,0.3,0.04446287069004029
S006,SDA,3.0,1.0,0.0001,256,32,0.3,0.0395003214944154
S006,SDA,3.0,1.0,0.0001,256,128,0.3,0.044481533230282366
S007,SDA,0.5,0.7,0.0001,64,64,0.3,0.015234198421239853
S007,SDA,0.5,0.7,0.0001,64,128,0.3,0.012647992310424646
S007,SDA,0.5,0.7,0.0001,128,32,0.3,0.005499936019380887
S007,SDA,0.5,0.7,0.0001,64,32,0.3,0.005202864859408389
S007,SDA,0.5,0.7,0.0001,128,64,0.3,0.004621094403167565
S007,SDA,0.5,0.7,0.0001,128,128,0.3,0.004926116904243827
S007,SDA,0.5,0.7,0.0001,256,64,0.3,0.006499786046333611
S007,SDA,0.5,0.7,0.0001,256,32,0.3,0.005878470935082684
S007,SDA,0.5,1.0,0.0001,64,32,0.3,0.00484109375004967
S007,SDA,0.5,0.7,0.0001,256,128,0.3,0.005363729239131014
S007,SDA,0.5,1.0,0.0001,64,64,0.3,0.008600132539868355
S007,SDA,0.5,1.0,0.0001,64,128,0.3,0.007325515733100474
S007,SDA,0.5,1.0,0.0001,128,32,0.3,0.00634544148730735
S007,SDA,0.5,1.0,0.0001,128,128,0.3,0.004497754581583043
S007,SDA,0.5,1.0,0.0001,128,64,0.3,0.003977255468877654
S007,SDA,1.0,0.3,0.0001,64,32,0.3,0.010476064713050922
S007,SDA,1.0,0.3,0.0001,64,64,0.3,0.02045464577774207
S007,SDA,1.0,0.3,0.0001,64,128,0.3,0.00815220825218906
S007,SDA,1.0,0.3,0.0001,128,32,0.3,0.027810913200179737
S007,SDA,1.0,0.3,0.0001,128,64,0.3,0.007674647339930137
S007,SDA,1.0,0.3,0.0001,128,128,0.3,0.015566489969690641
S007,SDA,1.0,0.3,0.0001,256,32,0.3,0.011555005641033253
S007,SDA,1.0,0.3,0.0001,256,64,0.3,0.0069725061766803265
S007,SDA,1.0,0.3,0.0001,256,128,0.3,0.007078428209448854
S007,SDA,1.0,0.5,0.0001,64,32,0.3,0.00921070210946103
S007,SDA,1.0,0.5,0.0001,64,64,0.3,0.009960347010443607
S007,SDA,1.0,0.5,0.0001,64,128,0.3,0.007143186094860236
S007,SDA,1.0,0.5,0.0001,128,32,0.3,0.005069801506275932
S007,SDA,1.0,0.5,0.0001,128,64,0.3,0.0063324711518362164
S007,SDA,1.0,0.5,0.0001,128,128,0.3,0.007129926156873505
S007,SDA,1.0,0.5,0.0001,256,32,0.3,0.006280189108413954
S007,SDA,1.0,0.5,0.0001,256,64,0.3,0.006391855364199728
S007,SDA,1.0,0.5,0.0001,256,128,0.3,0.006249306878695886
S007,SDA,0.5,1.0,0.0001,256,32,0.3,0.00473394658183679
S007,SDA,0.5,1.0,0.0001,256,64,0.3,0.00731247419025749
S007,SDA,1.0,0.7,0.0001,64,64,0.3,0.010530099117507538
S007,SDA,0.5,1.0,0.0001,256,128,0.3,0.005884163120451073
S007,SDA,1.0,0.7,0.0001,64,128,0.3,0.006962841143831611
S007,SDA,1.0,0.7,0.0001,128,32,0.3,0.006936008421083291
S007,SDA,1.0,0.7,0.0001,64,32,0.3,0.006483557013173898
S007,SDA,1.0,0.7,0.0001,128,64,0.3,0.005586876921976606
S007,SDA,1.0,0.7,0.0001,128,128,0.3,0.00486876125796698
S007,SDA,1.0,0.7,0.0001,256,32,0.3,0.00471355141295741
S007,SDA,1.0,0.7,0.0001,256,128,0.3,0.008321207482367754
S007,SDA,1.0,1.0,0.0001,64,64,0.3,0.016740586298207443
S007,SDA,1.0,0.7,0.0001,256,64,0.3,0.007008355498934786
S007,SDA,1.0,1.0,0.0001,64,32,0.3,0.01775203086435795
S007,SDA,1.0,1.0,0.0001,128,32,0.3,0.007696729153394699
S007,SDA,1.0,1.0,0.0001,128,64,0.3,0.005712742645603915
S007,SDA,1.0,1.0,0.0001,128,128,0.3,0.007248761598020792
S007,SDA,1.0,1.0,0.0001,64,128,0.3,0.007394530791013191
S007,SDA,1.5,0.3,0.0001,64,32,0.3,0.01349979949494203
S007,SDA,1.5,0.3,0.0001,64,64,0.3,0.013385120468835035
S007,SDA,1.5,0.3,0.0001,64,128,0.3,0.01718687204023202
S007,SDA,1.5,0.3,0.0001,128,32,0.3,0.014504806138575077
S007,SDA,1.5,0.3,0.0001,128,64,0.3,0.011796649700651566
S007,SDA,1.5,0.3,0.0001,128,128,0.3,0.013978560455143452
S007,SDA,1.5,0.3,0.0001,256,32,0.3,0.013442684585849443
S007,SDA,1.5,0.3,0.0001,256,64,0.3,0.013327480604251226
S007,SDA,1.5,0.3,0.0001,256,128,0.3,0.01242334737131993
S007,SDA,1.5,0.5,0.0001,64,32,0.3,0.023843807789186638
S007,SDA,1.5,0.5,0.0001,64,64,0.3,0.01054158698146542
S007,SDA,1.5,0.5,0.0001,64,128,0.3,0.013527503547569117
S007,SDA,1.5,0.5,0.0001,128,32,0.3,0.010514333456133803
S007,SDA,1.5,0.5,0.0001,128,64,0.3,0.011532580945640802
S007,SDA,1.5,0.5,0.0001,128,128,0.3,0.0075326364021748304
S007,SDA,1.5,0.5,0.0001,256,32,0.3,0.01134447594328473
S007,SDA,1.5,0.5,0.0001,256,64,0.3,0.010143361209581295
S007,SDA,1.5,0.5,0.0001,256,128,0.3,0.0092622876400128
S007,SDA,1.0,1.0,0.0001,256,32,0.3,0.007648439845070243
S007,SDA,1.5,0.7,0.0001,64,64,0.3,0.029657624661922455
S007,SDA,1.0,1.0,0.0001,256,64,0.3,0.007330878366095324
S007,SDA,1.0,1.0,0.0001,256,128,0.3,0.006503228990671535
S007,SDA,1.5,0.7,0.0001,64,32,0.3,0.009093097721536955
S007,SDA,1.5,0.7,0.0001,128,64,0.3,0.007560446353939672
S007,SDA,1.5,0.7,0.0001,64,128,0.3,0.01134993260105451
S007,SDA,1.5,0.7,0.0001,128,128,0.3,0.0065696034774494665
S007,SDA,1.5,0.7,0.0001,128,32,0.3,0.0041159513251235085
S007,SDA,1.5,0.7,0.0001,256,128,0.3,0.008807283205290636
S007,SDA,1.5,1.0,0.0001,64,32,0.3,0.020047494831184547
S007,SDA,1.5,0.7,0.0001,256,32,0.3,0.005524542764760554
S007,SDA,1.5,0.7,0.0001,256,64,0.3,0.006489751239617665
S007,SDA,1.5,1.0,0.0001,64,64,0.3,0.008705623835946122
S007,SDA,1.5,1.0,0.0001,128,64,0.3,0.0060277773688236875
S007,SDA,1.5,1.0,0.0001,128,32,0.3,0.006778787937946618
S007,SDA,1.5,1.0,0.0001,64,128,0.3,0.0087904108222574
S007,SDA,1.5,1.0,0.0001,256,64,0.3,0.010072103856752316
S007,SDA,2.0,0.3,0.0001,64,32,0.3,0.018909524505337078
S007,SDA,2.0,0.3,0.0001,64,64,0.3,0.014557634169856707
S007,SDA,2.0,0.3,0.0001,64,128,0.3,0.009203456342220306
S007,SDA,2.0,0.3,0.0001,128,32,0.3,0.017552840212980907
S007,SDA,2.0,0.3,0.0001,128,64,0.3,0.011546980900069078
S007,SDA,2.0,0.3,0.0001,128,128,0.3,0.2097782442967097
S007,SDA,2.0,0.3,0.0001,256,32,0.3,0.01225854984174172
S007,SDA,2.0,0.3,0.0001,256,64,0.3,0.015125551571448645
S007,SDA,2.0,0.3,0.0001,256,128,0.3,0.01209847287585338
S007,SDA,2.0,0.5,0.0001,64,32,0.3,0.02340282282481591
S007,SDA,2.0,0.5,0.0001,64,64,0.3,0.014300884678959846
S007,SDA,2.0,0.5,0.0001,64,128,0.3,0.01292198213438193
S007,SDA,2.0,0.5,0.0001,128,32,0.3,0.015073918427030245
S007,SDA,2.0,0.5,0.0001,128,64,0.3,0.01259953435510397
S007,SDA,2.0,0.5,0.0001,128,128,0.3,0.015403101220726967
S007,SDA,2.0,0.5,0.0001,256,32,0.3,0.01524198210487763
S007,SDA,2.0,0.5,0.0001,256,64,0.3,0.007270658505149186
S007,SDA,2.0,0.5,0.0001,256,128,0.3,0.012007500821103653
S007,SDA,1.5,1.0,0.0001,256,32,0.3,0.007273844520871838
S007,SDA,1.5,1.0,0.0001,128,128,0.3,0.008221103188892206
S007,SDA,1.5,1.0,0.0001,256,128,0.3,0.008021346759051085
S007,SDA,2.0,0.7,0.0001,64,64,0.3,0.0189588430027167
S007,SDA,2.0,0.7,0.0001,64,32,0.3,0.01054785835246245
S007,SDA,2.0,0.7,0.0001,64,128,0.3,0.01815392542630434
S007,SDA,2.0,0.7,0.0001,128,32,0.3,0.015196559019386768
S007,SDA,2.0,0.7,0.0001,128,64,0.3,0.01670348085463047
S007,SDA,2.0,0.7,0.0001,128,128,0.3,0.009099653844411174
S007,SDA,2.0,0.7,0.0001,256,32,0.3,0.007114755183768769
S007,SDA,2.0,1.0,0.0001,64,64,0.3,0.029673615470528603
S007,SDA,2.0,0.7,0.0001,256,128,0.3,0.014239681574205557
S007,SDA,2.0,1.0,0.0001,64,32,0.3,0.010215409953768054
S007,SDA,2.0,0.7,0.0001,256,64,0.3,0.009755699119220177
S007,SDA,2.0,1.0,0.0001,128,128,0.3,0.007908281831381222
S007,SDA,2.0,1.0,0.0001,128,32,0.3,0.012903979358573755
S007,SDA,2.0,1.0,0.0001,128,64,0.3,0.013426161371171474
S007,SDA,2.0,1.0,0.0001,64,128,0.3,0.019382073854406674
S007,SDA,2.0,1.0,0.0001,256,32,0.3,0.008006314669425288
S007,SDA,2.0,1.0,0.0001,256,64,0.3,0.010212552733719349
S007,SDA,2.5,0.3,0.0001,64,64,0.3,0.014353665833671888
S007,SDA,2.5,0.3,0.0001,64,128,0.3,0.009884678913901249
S007,SDA,2.5,0.3,0.0001,64,32,0.3,0.01577541884034872
S007,SDA,2.0,1.0,0.0001,256,128,0.3,0.012539047747850418
S007,SDA,2.5,0.3,0.0001,128,32,0.3,0.01760040440907081
S007,SDA,2.5,0.3,0.0001,128,64,0.3,0.014355042017996311
S007,SDA,2.5,0.3,0.0001,256,32,0.3,0.019447396819790203
S007,SDA,2.5,0.3,0.0001,128,128,0.3,0.017606194441517193
S007,SDA,2.5,0.3,0.0001,256,64,0.3,0.016823818286259968
S007,SDA,2.5,0.5,0.0001,64,64,0.3,0.024689457689722378
S007,SDA,2.5,0.5,0.0001,64,32,0.3,0.02448904514312744
S007,SDA,2.5,0.3,0.0001,256,128,0.3,0.011634362240632376
S007,SDA,2.5,0.5,0.0001,128,32,0.3,0.01438987193008264
S007,SDA,2.5,0.5,0.0001,64,128,0.3,0.021715084090828896
S007,SDA,2.5,0.5,0.0001,128,64,0.3,0.01872612163424492
S007,SDA,2.5,0.5,0.0001,128,128,0.3,0.015923365329702694
S007,SDA,2.5,0.5,0.0001,256,128,0.3,0.013229090409974257
S007,SDA,2.5,0.5,0.0001,256,64,0.3,0.015642606653273106
S007,SDA,2.5,0.5,0.0001,256,32,0.3,0.015016275147596994
S007,SDA,2.5,0.7,0.0001,64,32,0.3,0.011787400270501772
S007,SDA,2.5,0.7,0.0001,64,64,0.3,0.014424829122920832
S007,SDA,2.5,0.7,0.0001,128,32,0.3,0.013586997985839844
S007,SDA,2.5,0.7,0.0001,128,64,0.3,0.008485937180618445
S007,SDA,2.5,0.7,0.0001,256,32,0.3,0.023131083076198895
S007,SDA,2.5,0.7,0.0001,128,128,0.3,0.014571625428895155
S007,SDA,2.5,0.7,0.0001,64,128,0.3,0.0205878804748257
S007,SDA,2.5,0.7,0.0001,256,64,0.3,0.015544384097059568
S007,SDA,2.5,1.0,0.0001,64,32,0.3,0.018082790697614353
S007,SDA,2.5,1.0,0.0001,64,64,0.3,0.015097670877973238
S007,SDA,2.5,0.7,0.0001,256,128,0.3,0.014146793633699417
S007,SDA,2.5,1.0,0.0001,128,32,0.3,0.011313761274019877
S007,SDA,2.5,1.0,0.0001,128,64,0.3,0.014749815687537193
S007,SDA,2.5,1.0,0.0001,64,128,0.3,0.015905954254170258
S007,SDA,2.5,1.0,0.0001,128,128,0.3,0.018752615277965862
S007,SDA,2.5,1.0,0.0001,256,32,0.3,0.009972968138754368
S007,SDA,3.0,0.3,0.0001,64,32,0.3,0.01984427124261856
S007,SDA,2.5,1.0,0.0001,256,64,0.3,0.013187817918757597
S007,SDA,3.0,0.3,0.0001,64,128,0.3,0.07518256455659866
S007,SDA,3.0,0.3,0.0001,128,32,0.3,0.0351029255737861
S007,SDA,2.5,1.0,0.0001,256,128,0.3,0.012840680467585722
S007,SDA,3.0,0.3,0.0001,128,64,0.3,0.02584415829430024
S007,SDA,3.0,0.3,0.0001,128,128,0.3,0.015083371351162592
S007,SDA,3.0,0.3,0.0001,256,32,0.3,0.022131172940135002
S007,SDA,3.0,0.3,0.0001,64,64,0.3,0.13665114839871725
S007,SDA,3.0,0.3,0.0001,256,64,0.3,0.018387379124760628
S007,SDA,3.0,0.3,0.0001,256,128,0.3,0.02252347705264886
S007,SDA,3.0,0.5,0.0001,64,32,0.3,0.01096278429031372
S007,SDA,3.0,0.5,0.0001,64,64,0.3,0.022961349536975224
S007,SDA,3.0,0.5,0.0001,128,32,0.3,0.01845995771388213
S007,SDA,3.0,0.5,0.0001,128,128,0.3,0.02158612199127674
S007,SDA,3.0,0.5,0.0001,128,64,0.3,0.023502768327792484
S007,SDA,3.0,0.5,0.0001,64,128,0.3,0.018129823729395866
S007,SDA,3.0,0.5,0.0001,256,32,0.3,0.013654080219566822
S007,SDA,3.0,0.5,0.0001,256,64,0.3,0.02583872216443221
S007,SDA,3.0,0.7,0.0001,64,32,0.3,0.012890952018400034
S007,SDA,3.0,0.5,0.0001,256,128,0.3,0.01853504093984763
S007,SDA,3.0,0.7,0.0001,64,64,0.3,0.021573859577377636
S007,SDA,3.0,0.7,0.0001,128,64,0.3,0.01969139991949002
S007,SDA,3.0,0.7,0.0001,128,32,0.3,0.015037244806687037
S007,SDA,3.0,0.7,0.0001,256,64,0.3,0.011515272781252861
S007,SDA,3.0,0.7,0.0001,256,32,0.3,0.03384624049067497
S007,SDA,3.0,0.7,0.0001,64,128,0.3,0.030671744296948116
S007,SDA,3.0,0.7,0.0001,128,128,0.3,0.014381053236623606
S007,SDA,3.0,1.0,0.0001,64,32,0.3,0.01690288136402766
S007,SDA,3.0,1.0,0.0001,64,64,0.3,0.02773446962237358
S007,SDA,3.0,1.0,0.0001,64,128,0.3,0.01167581711585323
S007,SDA,3.0,1.0,0.0001,128,32,0.3,0.012643598020076752
S007,SDA,3.0,1.0,0.0001,128,64,0.3,0.012219767707089583
S007,SDA,3.0,0.7,0.0001,256,128,0.3,0.01220521160090963
S007,SDA,3.0,1.0,0.0001,256,32,0.3,0.014315241947770119
S008,SDA,0.5,0.3,0.0001,64,32,0.3,0.04231660068035126
S008,SDA,0.5,0.3,0.0001,64,64,0.3,0.0454146017630895
S008,SDA,0.5,0.3,0.0001,64,128,0.3,0.043077499916156135
S008,SDA,0.5,0.3,0.0001,128,32,0.3,0.023532686134179432
S008,SDA,0.5,0.3,0.0001,128,64,0.3,0.0328261728088061
S008,SDA,0.5,0.3,0.0001,128,128,0.3,0.026425713673233986
S008,SDA,0.5,0.3,0.0001,256,32,0.3,0.023951927820841473
S008,SDA,0.5,0.3,0.0001,256,64,0.3,0.02691877695421378
S008,SDA,0.5,0.3,0.0001,256,128,0.3,0.03048277584215005
S008,SDA,0.5,0.5,0.0001,64,32,0.3,0.025835243985056877
S008,SDA,0.5,0.5,0.0001,64,64,0.3,0.037287212908267975
S008,SDA,0.5,0.5,0.0001,64,128,0.3,0.030656979729731876
S008,SDA,0.5,0.5,0.0001,128,32,0.3,0.02779162861406803
S008,SDA,0.5,0.5,0.0001,128,64,0.3,0.031028838207324345
S008,SDA,0.5,0.5,0.0001,128,128,0.3,0.02620061549047629
S008,SDA,0.5,0.5,0.0001,256,32,0.3,0.03145045042037964
S008,SDA,0.5,0.5,0.0001,256,64,0.3,0.0292471827318271
S008,SDA,0.5,0.5,0.0001,256,128,0.3,0.040286737183729805
S007,SDA,3.0,1.0,0.0001,128,128,0.3,0.013381580201288065
S007,SDA,3.0,1.0,0.0001,256,64,0.3,0.014384199554721514
S008,SDA,0.5,0.7,0.0001,64,32,0.3,0.02799549202124278
S008,SDA,0.5,0.7,0.0001,64,64,0.3,0.028360010435183842
S008,SDA,0.5,0.7,0.0001,64,128,0.3,0.04890644798676173
S007,SDA,3.0,1.0,0.0001,256,128,0.3,0.011402873943249384
S008,SDA,0.5,0.7,0.0001,128,32,0.3,0.03387820037702719
S008,SDA,0.5,0.7,0.0001,128,128,0.3,0.025939612338940304
S008,SDA,0.5,0.7,0.0001,128,64,0.3,0.03774485488732656
S008,SDA,0.5,0.7,0.0001,256,32,0.3,0.02337107869486014
S008,SDA,0.5,0.7,0.0001,256,64,0.3,0.03056248277425766
S008,SDA,0.5,0.7,0.0001,256,128,0.3,0.027577146887779236
S008,SDA,0.5,1.0,0.0001,64,32,0.3,0.04672501112023989
S008,SDA,0.5,1.0,0.0001,64,64,0.3,0.0284119900316
S008,SDA,0.5,1.0,0.0001,64,128,0.3,0.030851503213246662
S008,SDA,0.5,1.0,0.0001,128,32,0.3,0.03201909673710664
S008,SDA,0.5,1.0,0.0001,128,64,0.3,0.03122663125395775
S008,SDA,0.5,1.0,0.0001,256,32,0.3,0.027525801211595535
S008,SDA,1.0,0.3,0.0001,64,32,0.3,0.031748877838253975
S008,SDA,1.0,0.3,0.0001,64,64,0.3,0.0411144495010376
S008,SDA,1.0,0.3,0.0001,64,128,0.3,0.03917256618539492
S008,SDA,1.0,0.3,0.0001,128,32,0.3,0.030356955404082935
S008,SDA,1.0,0.3,0.0001,128,64,0.3,0.04257331043481827
S008,SDA,1.0,0.3,0.0001,128,128,0.3,0.023182581489284832
S008,SDA,1.0,0.3,0.0001,256,32,0.3,0.026197172080477078
S008,SDA,1.0,0.3,0.0001,256,64,0.3,0.05475242187579473
S008,SDA,1.0,0.3,0.0001,256,128,0.3,0.045631710439920425
S008,SDA,1.0,0.5,0.0001,64,32,0.3,0.03540006031592687
S008,SDA,1.0,0.5,0.0001,64,64,0.3,0.04393300289909045
S008,SDA,1.0,0.5,0.0001,64,128,0.3,0.028426356613636017
S008,SDA,1.0,0.5,0.0001,128,32,0.3,0.04524621491630872
S008,SDA,1.0,0.5,0.0001,128,64,0.3,0.04561077430844307
S008,SDA,1.0,0.5,0.0001,128,128,0.3,0.03548405754069487
S008,SDA,1.0,0.5,0.0001,256,32,0.3,0.021679254869620006
S008,SDA,1.0,0.5,0.0001,256,64,0.3,0.02958039442698161
S008,SDA,1.0,0.5,0.0001,256,128,0.3,0.02770307908455531
S008,SDA,0.5,1.0,0.0001,128,128,0.3,0.02744963765144348
S008,SDA,0.5,1.0,0.0001,256,64,0.3,0.025734078139066696
S008,SDA,0.5,1.0,0.0001,256,128,0.3,0.026551586265365284
S008,SDA,1.0,0.7,0.0001,64,32,0.3,0.0351258118947347
S008,SDA,1.0,0.7,0.0001,64,64,0.3,0.03909434067706267
S008,SDA,1.0,0.7,0.0001,64,128,0.3,0.03876972571015358
S008,SDA,1.0,0.7,0.0001,128,64,0.3,0.03512125462293625
S008,SDA,1.0,0.7,0.0001,128,32,0.3,0.0331764022509257
S008,SDA,1.0,0.7,0.0001,128,128,0.3,0.03987636479238669
S008,SDA,1.0,0.7,0.0001,256,64,0.3,0.025356716165939968
S008,SDA,1.0,0.7,0.0001,256,32,0.3,0.03137926384806633
S008,SDA,1.0,1.0,0.0001,64,32,0.3,0.04075025456647078
S008,SDA,1.0,0.7,0.0001,256,128,0.3,0.02409761833647887
S008,SDA,1.0,1.0,0.0001,64,128,0.3,0.036210725704828896
S008,SDA,1.0,1.0,0.0001,128,64,0.3,0.041692143927017845
S008,SDA,1.0,1.0,0.0001,128,32,0.3,0.0293302188316981
S008,SDA,1.0,1.0,0.0001,64,64,0.3,0.040989684561888375
S008,SDA,1.0,1.0,0.0001,128,128,0.3,0.03289367506901423
S008,SDA,1.5,0.3,0.0001,64,32,0.3,0.03064379779001077
S008,SDA,1.5,0.3,0.0001,64,64,0.3,0.029301383222142856
S008,SDA,1.5,0.3,0.0001,64,128,0.3,0.03418124405046304
S008,SDA,1.5,0.3,0.0001,128,32,0.3,0.03480219841003418
S008,SDA,1.5,0.3,0.0001,128,64,0.3,0.03103349854548772
S008,SDA,1.5,0.3,0.0001,128,128,0.3,0.030145080139239628
S008,SDA,1.5,0.3,0.0001,256,32,0.3,0.03710189834237099
S008,SDA,1.5,0.3,0.0001,256,64,0.3,0.026939835399389267
S008,SDA,1.5,0.3,0.0001,256,128,0.3,0.04296191098789374
S008,SDA,1.5,0.5,0.0001,64,32,0.3,0.03210093515614668
S008,SDA,1.5,0.5,0.0001,64,64,0.3,0.02809080233176549
S008,SDA,1.5,0.5,0.0001,64,128,0.3,0.04072684422135353
S008,SDA,1.5,0.5,0.0001,128,32,0.3,0.03690526572366556
S008,SDA,1.5,0.5,0.0001,128,64,0.3,0.03371404856443405
S008,SDA,1.5,0.5,0.0001,128,128,0.3,0.03675036318600178
S008,SDA,1.5,0.5,0.0001,256,32,0.3,0.05203630278507868
S008,SDA,1.5,0.5,0.0001,256,64,0.3,0.041458367059628166
S008,SDA,1.5,0.5,0.0001,256,128,0.3,0.021801458050807316
S008,SDA,1.0,1.0,0.0001,256,128,0.3,0.028300721819202106
S008,SDA,1.0,1.0,0.0001,256,64,0.3,0.029107581203182537
S008,SDA,1.0,1.0,0.0001,256,32,0.3,0.03033422368268172
S008,SDA,1.5,0.7,0.0001,64,32,0.3,0.03779650727907816
S008,SDA,1.5,0.7,0.0001,128,32,0.3,0.028103362148006756
S008,SDA,1.5,0.7,0.0001,64,128,0.3,0.028774239743749302
S008,SDA,1.5,0.7,0.0001,128,64,0.3,0.031938365350166954
S008,SDA,1.5,0.7,0.0001,128,128,0.3,0.03866875606278578
S008,SDA,1.5,0.7,0.0001,64,64,0.3,0.03172709047794342
S008,SDA,1.5,0.7,0.0001,256,32,0.3,0.039643864457805954
S008,SDA,1.5,0.7,0.0001,256,64,0.3,0.036515715842445694
S008,SDA,1.5,0.7,0.0001,256,128,0.3,0.03471123178799947
S008,SDA,1.5,1.0,0.0001,64,64,0.3,0.0329466046144565
S008,SDA,1.5,1.0,0.0001,64,128,0.3,0.031044719119866688
S008,SDA,1.5,1.0,0.0001,128,64,0.3,0.04151288668314616
S008,SDA,1.5,1.0,0.0001,128,32,0.3,0.040744999423623085
S008,SDA,1.5,1.0,0.0001,64,32,0.3,0.03179281515379747
S008,SDA,1.5,1.0,0.0001,128,128,0.3,0.04629116132855415
S008,SDA,2.0,0.3,0.0001,64,32,0.3,0.03265955174962679
S008,SDA,2.0,0.3,0.0001,64,64,0.3,0.03737141999105612
S008,SDA,2.0,0.3,0.0001,64,128,0.3,0.043770474071304
S008,SDA,2.0,0.3,0.0001,128,32,0.3,0.027259330575664837
S008,SDA,2.0,0.3,0.0001,128,64,0.3,0.029821133861939114
S008,SDA,2.0,0.3,0.0001,128,128,0.3,0.034962015226483345
S008,SDA,2.0,0.3,0.0001,256,32,0.3,0.03456692770123482
S008,SDA,2.0,0.3,0.0001,256,64,0.3,0.03316273664434751
S008,SDA,2.0,0.3,0.0001,256,128,0.3,0.044309016317129135
S008,SDA,2.0,0.5,0.0001,64,32,0.3,0.03444676101207733
S008,SDA,2.0,0.5,0.0001,64,64,0.3,0.03126367491980394
S008,SDA,2.0,0.5,0.0001,64,128,0.3,0.03630871387819449
S008,SDA,2.0,0.5,0.0001,128,32,0.3,0.03369027003645897
S008,SDA,2.0,0.5,0.0001,128,64,0.3,0.03416842222213745
S008,SDA,2.0,0.5,0.0001,128,128,0.3,0.035080489392081894
S008,SDA,2.0,0.5,0.0001,256,32,0.3,0.04343066488703092
S008,SDA,2.0,0.5,0.0001,256,64,0.3,0.03657133753101031
S008,SDA,2.0,0.5,0.0001,256,128,0.3,0.03323151978353659
S008,SDA,2.0,0.7,0.0001,64,32,0.3,0.03212420145670573
S008,SDA,1.5,1.0,0.0001,256,32,0.3,0.03258391966422399
S008,SDA,1.5,1.0,0.0001,256,64,0.3,0.022717272862792015
S008,SDA,1.5,1.0,0.0001,256,128,0.3,0.04126866658528646
S008,SDA,2.0,0.7,0.0001,128,32,0.3,0.03539894645412763
S008,SDA,2.0,0.7,0.0001,64,128,0.3,0.042015341420968376
S008,SDA,2.0,0.7,0.0001,64,64,0.3,0.03738113182286421
S008,SDA,2.0,0.7,0.0001,128,64,0.3,0.03278593594829241
S008,SDA,2.0,0.7,0.0001,256,32,0.3,0.035546096662680306
S008,SDA,2.0,0.7,0.0001,256,64,0.3,0.03364831333359083
S008,SDA,2.0,0.7,0.0001,128,128,0.3,0.03953459983070692
S008,SDA,2.0,1.0,0.0001,64,32,0.3,0.04130228484670321
S008,SDA,2.0,1.0,0.0001,64,64,0.3,0.03888876053194205
S008,SDA,2.0,1.0,0.0001,128,32,0.3,0.030294566104809444
S008,SDA,2.0,0.7,0.0001,256,128,0.3,0.04034768665830294
S008,SDA,2.0,1.0,0.0001,64,128,0.3,0.03610559552907944
S008,SDA,2.0,1.0,0.0001,128,128,0.3,0.033753872538606323
S008,SDA,2.0,1.0,0.0001,128,64,0.3,0.04223815475900968
S008,SDA,2.0,1.0,0.0001,256,32,0.3,0.03792108533283075
S008,SDA,2.0,1.0,0.0001,256,64,0.3,0.023978931829333305
S008,SDA,2.0,1.0,0.0001,256,128,0.3,0.0442661065608263
S008,SDA,2.5,0.3,0.0001,64,32,0.3,0.03334534168243408
S008,SDA,2.5,0.3,0.0001,64,128,0.3,0.03337693276504675
S008,SDA,2.5,0.3,0.0001,64,64,0.3,0.03677576594054699
S008,SDA,2.5,0.3,0.0001,128,32,0.3,0.042049724608659744
S008,SDA,2.5,0.3,0.0001,128,128,0.3,0.04485272616147995
S008,SDA,2.5,0.3,0.0001,128,64,0.3,0.036488657196362816
S008,SDA,2.5,0.3,0.0001,256,64,0.3,0.03249881540735563
S008,SDA,2.5,0.3,0.0001,256,32,0.3,0.040174618984262146
S008,SDA,2.5,0.5,0.0001,64,32,0.3,0.0347729908923308
S008,SDA,2.5,0.3,0.0001,256,128,0.3,0.055224950114885964
S008,SDA,2.5,0.5,0.0001,64,64,0.3,0.03492345536748568
S008,SDA,2.5,0.5,0.0001,64,128,0.3,0.038651891673604645
S008,SDA,2.5,0.5,0.0001,128,32,0.3,0.03587231102089087
S008,SDA,2.5,0.5,0.0001,128,64,0.3,0.030074353019396465
S008,SDA,2.5,0.5,0.0001,128,128,0.3,0.03178661875426769
S008,SDA,2.5,0.5,0.0001,256,32,0.3,0.03353779142101606
S008,SDA,2.5,0.5,0.0001,256,64,0.3,0.043094223365187645
S008,SDA,2.5,0.7,0.0001,64,32,0.3,0.03876043235262235
S008,SDA,2.5,0.5,0.0001,256,128,0.3,0.03811498483022054
S008,SDA,2.5,0.7,0.0001,128,32,0.3,0.03534097286562125
S008,SDA,2.5,0.7,0.0001,64,64,0.3,0.02929823411007722
S008,SDA,2.5,0.7,0.0001,128,64,0.3,0.03450974325338999
S008,SDA,2.5,0.7,0.0001,128,128,0.3,0.035713501274585724
S008,SDA,2.5,0.7,0.0001,64,128,0.3,0.038059854259093605
S008,SDA,2.5,0.7,0.0001,256,64,0.3,0.04136602704723676
S008,SDA,2.5,0.7,0.0001,256,32,0.3,0.03468491012851397
S008,SDA,2.5,0.7,0.0001,256,128,0.3,0.0396532267332077
S008,SDA,2.5,1.0,0.0001,64,32,0.3,0.034293766443928085
S008,SDA,2.5,1.0,0.0001,64,64,0.3,0.03649780278404554
S008,SDA,2.5,1.0,0.0001,128,32,0.3,0.029458596060673397
S008,SDA,2.5,1.0,0.0001,128,64,0.3,0.0332625824958086
S008,SDA,2.5,1.0,0.0001,128,128,0.3,0.029491061965624493
S008,SDA,2.5,1.0,0.0001,64,128,0.3,0.04170763989289602
S008,SDA,2.5,1.0,0.0001,256,32,0.3,0.04167206088701884
S008,SDA,2.5,1.0,0.0001,256,64,0.3,0.037508067985375725
S008,SDA,2.5,1.0,0.0001,256,128,0.3,0.03961943897108237
S008,SDA,3.0,0.3,0.0001,64,32,0.3,0.029772886385520298
S008,SDA,3.0,0.3,0.0001,64,64,0.3,0.04142803822954496
S008,SDA,3.0,0.3,0.0001,64,128,0.3,0.03974391147494316
S008,SDA,3.0,0.3,0.0001,128,32,0.3,0.046552449464797974
S008,SDA,3.0,0.3,0.0001,256,32,0.3,0.0288641806691885
S008,SDA,3.0,0.3,0.0001,256,64,0.3,0.042098374416430794
S008,SDA,3.0,0.3,0.0001,128,128,0.3,0.04070629055301348
S008,SDA,3.0,0.3,0.0001,128,64,0.3,0.03886246929566065
S008,SDA,3.0,0.3,0.0001,256,128,0.3,0.04195042202870051
S008,SDA,3.0,0.5,0.0001,64,32,0.3,0.03717144330342611
S008,SDA,3.0,0.5,0.0001,128,32,0.3,0.031444938853383064
S008,SDA,3.0,0.5,0.0001,64,128,0.3,0.046379378686348595
S008,SDA,3.0,0.5,0.0001,64,64,0.3,0.03830986097455025
S008,SDA,3.0,0.5,0.0001,128,64,0.3,0.04126452716688315
S008,SDA,3.0,0.5,0.0001,256,32,0.3,0.04169420152902603
S008,SDA,3.0,0.5,0.0001,128,128,0.3,0.032440394163131714
S008,SDA,3.0,0.5,0.0001,256,64,0.3,0.04017747441927592
S008,SDA,3.0,0.5,0.0001,256,128,0.3,0.03742430607477824
S008,SDA,3.0,0.7,0.0001,64,64,0.3,0.03788430243730545
S008,SDA,3.0,0.7,0.0001,64,32,0.3,0.028758876025676727
S008,SDA,3.0,0.7,0.0001,128,32,0.3,0.04555179551243782
S008,SDA,3.0,0.7,0.0001,64,128,0.3,0.03350772832830747
S008,SDA,3.0,0.7,0.0001,128,64,0.3,0.04646524662772814
S008,SDA,3.0,0.7,0.0001,128,128,0.3,0.040598439052700996
S008,SDA,3.0,0.7,0.0001,256,32,0.3,0.035222796723246574
S008,SDA,3.0,1.0,0.0001,64,32,0.3,0.029331286748250324
S008,SDA,3.0,0.7,0.0001,256,64,0.3,0.05413531636198362
S008,SDA,3.0,1.0,0.0001,64,64,0.3,0.03846519564588865
S008,SDA,3.0,1.0,0.0001,128,32,0.3,0.03612902450064818
S008,SDA,3.0,1.0,0.0001,128,64,0.3,0.04118198653062185
S008,SDA,3.0,1.0,0.0001,64,128,0.3,0.050538827975591026
S008,SDA,3.0,0.7,0.0001,256,128,0.3,0.04145671675602595
S008,SDA,3.0,1.0,0.0001,128,128,0.3,0.047271804263194404
S013,SDA,0.5,0.3,0.0001,64,32,0.3,0.06841058889403939
S013,SDA,0.5,0.3,0.0001,64,64,0.3,0.029701361199840903
S013,SDA,0.5,0.3,0.0001,64,128,0.3,0.043273527175188065
S013,SDA,0.5,0.3,0.0001,128,32,0.3,0.05033385194838047
S013,SDA,0.5,0.3,0.0001,128,64,0.3,0.04949927609413862
S013,SDA,0.5,0.3,0.0001,128,128,0.3,0.04176001250743866
S013,SDA,0.5,0.3,0.0001,256,32,0.3,0.04813507944345474
S013,SDA,0.5,0.3,0.0001,256,64,0.3,0.03635599836707115
S013,SDA,0.5,0.3,0.0001,256,128,0.3,0.046433234587311745
S013,SDA,0.5,0.5,0.0001,64,32,0.3,0.0658624661155045
S013,SDA,0.5,0.5,0.0001,64,64,0.3,0.03513719467446208
S013,SDA,0.5,0.5,0.0001,64,128,0.3,0.04128752974793315
S013,SDA,0.5,0.5,0.0001,128,32,0.3,0.03297756426036358
S013,SDA,0.5,0.5,0.0001,128,64,0.3,0.07065012492239475
S013,SDA,0.5,0.5,0.0001,128,128,0.3,0.05115277227014303
S013,SDA,0.5,0.5,0.0001,256,32,0.3,0.03973027504980564
S013,SDA,0.5,0.5,0.0001,256,64,0.3,0.03628483274951577
S013,SDA,0.5,0.5,0.0001,256,128,0.3,0.05242636986076832
S008,SDA,3.0,1.0,0.0001,256,32,0.3,0.03494882086912791
S008,SDA,3.0,1.0,0.0001,256,64,0.3,0.042251125598947205
S008,SDA,3.0,1.0,0.0001,256,128,0.3,0.04203008984525999
S013,SDA,0.5,0.7,0.0001,128,32,0.3,0.05414403323084116
S013,SDA,0.5,0.7,0.0001,64,64,0.3,0.04254252975806594
S013,SDA,0.5,0.7,0.0001,64,128,0.3,0.054923745803534985
S013,SDA,0.5,0.7,0.0001,64,32,0.3,0.05291692353785038
S013,SDA,0.5,0.7,0.0001,128,64,0.3,0.08396720979362726
S013,SDA,0.5,0.7,0.0001,128,128,0.3,0.056745149195194244
S013,SDA,0.5,0.7,0.0001,256,32,0.3,0.044551641680300236
S013,SDA,0.5,0.7,0.0001,256,64,0.3,0.039622252341359854
S013,SDA,0.5,0.7,0.0001,256,128,0.3,0.04146036831662059
S013,SDA,0.5,1.0,0.0001,64,32,0.3,0.04309991933405399
S013,SDA,0.5,1.0,0.0001,64,128,0.3,0.05346071720123291
S013,SDA,0.5,1.0,0.0001,64,64,0.3,0.042183622252196074
S013,SDA,0.5,1.0,0.0001,128,32,0.3,0.052664837799966335
S013,SDA,0.5,1.0,0.0001,128,128,0.3,0.052661278285086155
S013,SDA,0.5,1.0,0.0001,128,64,0.3,0.04715745896100998
S013,SDA,1.0,0.3,0.0001,64,32,0.3,0.04479992110282183
S013,SDA,1.0,0.3,0.0001,64,64,0.3,0.04947461187839508
S013,SDA,1.0,0.3,0.0001,64,128,0.3,0.04582579433917999
S013,SDA,1.0,0.3,0.0001,128,32,0.3,0.027417986653745174
S013,SDA,1.0,0.3,0.0001,128,64,0.3,0.036678089294582605
S013,SDA,1.0,0.3,0.0001,128,128,0.3,0.050422114320099354
S013,SDA,1.0,0.3,0.0001,256,32,0.3,0.032294593285769224
S013,SDA,1.0,0.3,0.0001,256,64,0.3,0.03345216903835535
S013,SDA,1.0,0.3,0.0001,256,128,0.3,0.02963816560804844
S013,SDA,1.0,0.5,0.0001,64,32,0.3,0.04642876423895359
S013,SDA,1.0,0.5,0.0001,64,64,0.3,0.03517706226557493
S013,SDA,1.0,0.5,0.0001,64,128,0.3,0.044947557151317596
S013,SDA,1.0,0.5,0.0001,128,32,0.3,0.051516540348529816
S013,SDA,1.0,0.5,0.0001,128,64,0.3,0.04477196419611573
S013,SDA,1.0,0.5,0.0001,128,128,0.3,0.02803264174144715
S013,SDA,1.0,0.5,0.0001,256,32,0.3,0.037356782238930464
S013,SDA,1.0,0.5,0.0001,256,64,0.3,0.0678460830822587
S013,SDA,1.0,0.5,0.0001,256,128,0.3,0.022469033487141132
S013,SDA,0.5,1.0,0.0001,256,32,0.3,0.03187792329117656
S013,SDA,0.5,1.0,0.0001,256,128,0.3,0.04792499355971813
S013,SDA,1.0,0.7,0.0001,64,32,0.3,0.04562065610662103
S013,SDA,1.0,0.7,0.0001,64,128,0.3,0.039307201746851206
S013,SDA,0.5,1.0,0.0001,256,64,0.3,0.03798323031514883
S013,SDA,1.0,0.7,0.0001,64,64,0.3,0.04447961691766977
S013,SDA,1.0,0.7,0.0001,128,32,0.3,0.037718651350587606
S013,SDA,1.0,0.7,0.0001,128,128,0.3,0.045161138754338026
S013,SDA,1.0,0.7,0.0001,128,64,0.3,0.033922736532986164
S013,SDA,1.0,0.7,0.0001,256,64,0.3,0.023612774559296668
S013,SDA,1.0,0.7,0.0001,256,32,0.3,0.035481170285493135
S013,SDA,1.0,0.7,0.0001,256,128,0.3,0.03112343279644847
S013,SDA,1.0,1.0,0.0001,64,32,0.3,0.06619584932923317
S013,SDA,1.0,1.0,0.0001,64,64,0.3,0.04513968015089631
S013,SDA,1.0,1.0,0.0001,64,128,0.3,0.0409648846834898
S013,SDA,1.0,1.0,0.0001,128,64,0.3,0.030926981940865517
S013,SDA,1.0,1.0,0.0001,128,32,0.3,0.03718545287847519
S013,SDA,1.0,1.0,0.0001,128,128,0.3,0.04590024286881089
S013,SDA,1.5,0.3,0.0001,64,32,0.3,0.027132472954690456
S013,SDA,1.5,0.3,0.0001,64,64,0.3,0.03710782481357455
S013,SDA,1.5,0.3,0.0001,64,128,0.3,0.03205163311213255
S013,SDA,1.5,0.3,0.0001,128,32,0.3,0.04197324113920331
S013,SDA,1.5,0.3,0.0001,128,64,0.3,0.04633341310545802
S013,SDA,1.5,0.3,0.0001,128,128,0.3,0.023823972325772047
S013,SDA,1.5,0.3,0.0001,256,32,0.3,0.05125582218170166
S013,SDA,1.5,0.3,0.0001,256,64,0.3,0.0321109788492322
S013,SDA,1.5,0.3,0.0001,256,128,0.3,0.02571642119437456
S013,SDA,1.5,0.5,0.0001,64,32,0.3,0.02451827412005514
S013,SDA,1.5,0.5,0.0001,64,64,0.3,0.020440360764041543
S013,SDA,1.5,0.5,0.0001,64,128,0.3,0.0294977753655985
S013,SDA,1.5,0.5,0.0001,128,32,0.3,0.043210865929722786
S013,SDA,1.5,0.5,0.0001,128,64,0.3,0.035637601744383574
S013,SDA,1.5,0.5,0.0001,128,128,0.3,0.03143842751160264
S013,SDA,1.5,0.5,0.0001,256,32,0.3,0.027398552047088742
S013,SDA,1.5,0.5,0.0001,256,64,0.3,0.044816650450229645
S013,SDA,1.5,0.5,0.0001,256,128,0.3,0.037705575581640005
S013,SDA,1.0,1.0,0.0001,256,32,0.3,0.020982259651646018
S013,SDA,1.0,1.0,0.0001,256,64,0.3,0.029009866528213024
S013,SDA,1.5,0.7,0.0001,64,32,0.3,0.025320671731606126
S013,SDA,1.0,1.0,0.0001,256,128,0.3,0.03637396451085806
S013,SDA,1.5,0.7,0.0001,64,64,0.3,0.04153705481439829
S013,SDA,1.5,0.7,0.0001,64,128,0.3,0.02378274849615991
S013,SDA,1.5,0.7,0.0001,128,32,0.3,0.04121418297290802
S013,SDA,1.5,0.7,0.0001,128,64,0.3,0.030219501350075006
S013,SDA,1.5,0.7,0.0001,128,128,0.3,0.031053052749484777
S013,SDA,1.5,0.7,0.0001,256,32,0.3,0.01974727302149404
S013,SDA,1.5,0.7,0.0001,256,64,0.3,0.02671664918307215
S013,SDA,1.5,0.7,0.0001,256,128,0.3,0.02588805416598916
S013,SDA,1.5,1.0,0.0001,64,32,0.3,0.02174350930727087
S013,SDA,1.5,1.0,0.0001,128,32,0.3,0.022243705636356026
S013,SDA,1.5,1.0,0.0001,64,64,0.3,0.04205106012523174
S013,SDA,1.5,1.0,0.0001,64,128,0.3,0.06132056005299091
S013,SDA,1.5,1.0,0.0001,128,64,0.3,0.03980368189513683
S013,SDA,1.5,1.0,0.0001,128,128,0.3,0.024944355711340904
S013,SDA,2.0,0.3,0.0001,64,32,0.3,0.028787996619939804
S013,SDA,2.0,0.3,0.0001,64,64,0.3,0.027500799420522526
S013,SDA,2.0,0.3,0.0001,64,128,0.3,0.027407622197642922
S013,SDA,2.0,0.3,0.0001,128,32,0.3,0.031073308549821377
S013,SDA,2.0,0.3,0.0001,128,64,0.3,0.0228105578571558
S013,SDA,2.0,0.3,0.0001,128,128,0.3,0.03709062281996012
S013,SDA,2.0,0.3,0.0001,256,32,0.3,0.02451632152951788
S013,SDA,2.0,0.3,0.0001,256,64,0.3,0.020469024195335805
S013,SDA,2.0,0.3,0.0001,256,128,0.3,0.06147775333374739
S013,SDA,2.0,0.5,0.0001,64,32,0.3,0.026402493938803673
S013,SDA,2.0,0.5,0.0001,64,64,0.3,0.03196362033486366
S013,SDA,2.0,0.5,0.0001,64,128,0.3,0.030553117394447327
S013,SDA,2.0,0.5,0.0001,128,32,0.3,0.030789962969720364
S013,SDA,2.0,0.5,0.0001,128,64,0.3,0.021982762962579727
S013,SDA,2.0,0.5,0.0001,128,128,0.3,0.022030752792488784
S013,SDA,2.0,0.5,0.0001,256,32,0.3,0.02173967892304063
S013,SDA,2.0,0.5,0.0001,256,64,0.3,0.035909904167056084
S013,SDA,2.0,0.5,0.0001,256,128,0.3,0.027758679818361998
S013,SDA,1.5,1.0,0.0001,256,32,0.3,0.024528989102691412
S013,SDA,1.5,1.0,0.0001,256,64,0.3,0.022654175583738834
S013,SDA,1.5,1.0,0.0001,256,128,0.3,0.032727740705013275
S013,SDA,2.0,0.7,0.0001,64,32,0.3,0.022153296042233706
S013,SDA,2.0,0.7,0.0001,64,64,0.3,0.04158171731978655
S013,SDA,2.0,0.7,0.0001,128,64,0.3,0.02666832786053419
S013,SDA,2.0,0.7,0.0001,64,128,0.3,0.03057556552812457
S013,SDA,2.0,0.7,0.0001,128,32,0.3,0.031050588004291058
S013,SDA,2.0,0.7,0.0001,128,128,0.3,0.028082631062716246
S013,SDA,2.0,0.7,0.0001,256,128,0.3,0.040122016333043575
S013,SDA,2.0,0.7,0.0001,256,64,0.3,0.026394333399366587
S013,SDA,2.0,0.7,0.0001,256,32,0.3,0.025196187547408044
S013,SDA,2.0,1.0,0.0001,64,32,0.3,0.02660169592127204
S013,SDA,2.0,1.0,0.0001,128,32,0.3,0.026710359379649162
S013,SDA,2.0,1.0,0.0001,64,128,0.3,0.03347786981612444
S013,SDA,2.0,1.0,0.0001,64,64,0.3,0.04738694662228227
S013,SDA,2.0,1.0,0.0001,128,64,0.3,0.036228041630238295
S013,SDA,2.0,1.0,0.0001,128,128,0.3,0.025260956957936287
S013,SDA,2.0,1.0,0.0001,256,64,0.3,0.020894656794553157
S013,SDA,2.0,1.0,0.0001,256,32,0.3,0.03448926145210862
S013,SDA,2.0,1.0,0.0001,256,128,0.3,0.03858380205929279
S013,SDA,2.5,0.3,0.0001,64,64,0.3,0.03400691831484437
S013,SDA,2.5,0.3,0.0001,64,32,0.3,0.038380598183721304
S013,SDA,2.5,0.3,0.0001,128,32,0.3,0.034338853787630796
S013,SDA,2.5,0.3,0.0001,128,64,0.3,0.02933551836758852
S013,SDA,2.5,0.3,0.0001,128,128,0.3,0.02437864290550351
S013,SDA,2.5,0.3,0.0001,64,128,0.3,0.03311154339462519
S013,SDA,2.5,0.3,0.0001,256,32,0.3,0.021164018660783768
S013,SDA,2.5,0.5,0.0001,64,32,0.3,0.026968232356011868
S013,SDA,2.5,0.3,0.0001,256,128,0.3,0.033469618298113346
S013,SDA,2.5,0.3,0.0001,256,64,0.3,0.026890228735283017
S013,SDA,2.5,0.5,0.0001,64,64,0.3,0.029346996685490012
S013,SDA,2.5,0.5,0.0001,128,64,0.3,0.024970134953036904
S013,SDA,2.5,0.5,0.0001,128,32,0.3,0.03336199605837464
S013,SDA,2.5,0.5,0.0001,64,128,0.3,0.025231003994122148
S013,SDA,2.5,0.5,0.0001,128,128,0.3,0.03352410485967994
S013,SDA,2.5,0.5,0.0001,256,64,0.3,0.024859740864485502
S013,SDA,2.5,0.5,0.0001,256,128,0.3,0.037745820824056864
S013,SDA,2.5,0.5,0.0001,256,32,0.3,0.024162610294297338
S013,SDA,2.5,0.7,0.0001,64,32,0.3,0.02326359087601304
S013,SDA,2.5,0.7,0.0001,64,128,0.3,0.022750751581043005
S013,SDA,2.5,0.7,0.0001,128,32,0.3,0.021375226438976824
S013,SDA,2.5,0.7,0.0001,64,64,0.3,0.02389627229422331
S013,SDA,2.5,0.7,0.0001,128,128,0.3,0.02679048804566264
S013,SDA,2.5,0.7,0.0001,128,64,0.3,0.025534320157021284
S013,SDA,2.5,0.7,0.0001,256,32,0.3,0.03440868202596903
S013,SDA,2.5,0.7,0.0001,256,64,0.3,0.03122139535844326
S013,SDA,2.5,1.0,0.0001,64,32,0.3,0.03547022119164467
S013,SDA,2.5,1.0,0.0001,64,64,0.3,0.04011370148509741
S013,SDA,2.5,0.7,0.0001,256,128,0.3,0.03104005823843181
S013,SDA,2.5,1.0,0.0001,64,128,0.3,0.022601749224122614
S013,SDA,2.5,1.0,0.0001,128,128,0.3,0.02788400196004659
S013,SDA,2.5,1.0,0.0001,128,32,0.3,0.028675203444436193
S013,SDA,2.5,1.0,0.0001,128,64,0.3,0.02884222869761288
S013,SDA,2.5,1.0,0.0001,256,64,0.3,0.025581687863450497
S013,SDA,3.0,0.3,0.0001,64,32,0.3,0.031024882511701435
S013,SDA,2.5,1.0,0.0001,256,32,0.3,0.02886938559822738
S013,SDA,2.5,1.0,0.0001,256,128,0.3,0.027024321840144694
S013,SDA,3.0,0.3,0.0001,128,64,0.3,0.03486366057768464
S013,SDA,3.0,0.3,0.0001,64,64,0.3,0.024880370125174522
S013,SDA,3.0,0.3,0.0001,64,128,0.3,0.02410475368378684
S013,SDA,3.0,0.3,0.0001,128,32,0.3,0.03421861585229635
S013,SDA,3.0,0.3,0.0001,128,128,0.3,0.0353773245587945
S013,SDA,3.0,0.3,0.0001,256,32,0.3,0.029748689383268356
S013,SDA,3.0,0.3,0.0001,256,64,0.3,0.03022589976899326
S013,SDA,3.0,0.3,0.0001,256,128,0.3,0.02759523573331535
S013,SDA,3.0,0.5,0.0001,64,32,0.3,0.025552893173880875
S013,SDA,3.0,0.5,0.0001,64,64,0.3,0.03107554791495204
S013,SDA,3.0,0.5,0.0001,128,32,0.3,0.029813967645168304
S013,SDA,3.0,0.5,0.0001,128,64,0.3,0.03346079488983378
S013,SDA,3.0,0.5,0.0001,64,128,0.3,0.028883755556307733
S013,SDA,3.0,0.5,0.0001,128,128,0.3,0.025096929632127285
S013,SDA,3.0,0.5,0.0001,256,128,0.3,0.04741584352450445
S013,SDA,3.0,0.5,0.0001,256,32,0.3,0.024133846047334373
S013,SDA,3.0,0.5,0.0001,256,64,0.3,0.025943062035366893
S013,SDA,3.0,0.7,0.0001,64,128,0.3,0.02591094933450222
S013,SDA,3.0,0.7,0.0001,64,32,0.3,0.03178237657994032
S013,SDA,3.0,0.7,0.0001,128,32,0.3,0.029153568670153618
S013,SDA,3.0,0.7,0.0001,128,64,0.3,0.025372625328600407
S013,SDA,3.0,0.7,0.0001,64,64,0.3,0.02701596519909799
S013,SDA,3.0,0.7,0.0001,128,128,0.3,0.04049883037805557
S013,SDA,3.0,0.7,0.0001,256,32,0.3,0.024780305568128824
S013,SDA,3.0,0.7,0.0001,256,64,0.3,0.023439097683876753
S013,SDA,3.0,1.0,0.0001,64,64,0.3,0.031641943380236626
S013,SDA,3.0,0.7,0.0001,256,128,0.3,0.03232474671676755
S013,SDA,3.0,1.0,0.0001,128,32,0.3,0.029046614188700914
S013,SDA,3.0,1.0,0.0001,64,128,0.3,0.0274191340431571
S013,SDA,3.0,1.0,0.0001,64,32,0.3,0.04132577870041132
S013,SDA,3.0,1.0,0.0001,128,64,0.3,0.03037563106045127
S013,SDA,3.0,1.0,0.0001,128,128,0.3,0.03008318180218339
S013,SDA,3.0,1.0,0.0001,256,64,0.3,0.0313726682215929
S013,SDA,3.0,1.0,0.0001,256,32,0.3,0.023263372131623328
S013,SDA,3.0,1.0,0.0001,256,128,0.3,0.028197492938488722
